brand,price,size,diff,length
hugo_boss,200,33.0,2,27
hugo_boss,75,36.0,2,15
hugo_boss,28,34.0,2,21
hugo_boss,50,36.0,2,42
hugo_boss,50,30.0,2,48
hugo_boss,99,34.0,3,49
hugo_boss,60,36.0,4,16
hugo_boss,60,36.0,4,22
hugo_boss,105,,4,40
hugo_boss,40,38.0,5,43
hugo_boss,23,36.0,5,48
hugo_boss,40,30.0,6,21
hugo_boss,75,34.0,7,29
hugo_boss,38,31.0,7,28
hugo_boss,30,32.0,7,48
hugo_boss,44,32.0,10,48
hugo_boss,59,34.0,8,49
hugo_boss,30,32.0,8,15
hugo_boss,70,34.0,8,44
hugo_boss,15,33.0,8,14
hugo_boss,30,31.0,9,26
hugo_boss,30,32.0,9,20
hugo_boss,35,36.0,9,49
hugo_boss,89,30.0,10,41
hugo_boss,40,30.0,10,44
hugo_boss,45,30.0,10,41
hugo_boss,55,34.0,10,15
hugo_boss,40,34.0,11,21
hugo_boss,40,38.0,11,34
hugo_boss,75,33.0,11,21
hugo_boss,35,32.0,11,47
hugo_boss,20,34.0,11,25
hugo_boss,65,34.0,12,21
hugo_boss,65,33.0,12,21
hugo_boss,60,34.0,12,5
hugo_boss,20,31.0,12,33
hugo_boss,45,32.0,13,37
hugo_boss,50,,13,16
hugo_boss,60,33.0,13,41
hugo_boss,15,36.0,13,50
hugo_boss,90,34.0,14,47
hugo_boss,110,36.0,14,50
hugo_boss,30,32.0,257,26
hugo_boss,28,34.0,14,39
hugo_boss,59,36.0,14,35
hugo_boss,33,40.0,14,35
hugo_boss,36,38.0,15,28
hugo_boss,92,36.0,15,48
hugo_boss,125,38.0,16,46
hugo_boss,40,30.0,15,35
hugo_boss,30,32.0,15,15
hugo_boss,25,35.0,15,11
hugo_boss,45,38.0,228,21
hugo_boss,135,30.0,16,44
hugo_boss,69,30.0,17,28
hugo_boss,45,33.0,17,20
hugo_boss,30,34.0,17,48
hugo_boss,40,34.0,17,40
hugo_boss,90,36.0,18,15
hugo_boss,57,32.0,18,44
hugo_boss,35,36.0,18,50
hugo_boss,35,36.0,18,49
hugo_boss,22,34.0,19,36
hugo_boss,50,34.0,19,15
hugo_boss,25,,30,29
hugo_boss,24,34.0,20,35
hugo_boss,60,33.0,20,15
hugo_boss,59,32.0,20,24
hugo_boss,59,32.0,20,27
hugo_boss,35,32.0,21,45
hugo_boss,77,33.0,21,50
hugo_boss,35,32.0,21,36
hugo_boss,50,34.0,22,10
hugo_boss,37,33.0,23,41
hugo_boss,20,30.0,23,40
hugo_boss,60,34.0,23,46
hugo_boss,30,30.0,23,48
hugo_boss,39,31.0,24,43
hugo_boss,75,34.0,24,37
hugo_boss,80,38.0,24,21
hugo_boss,75,36.0,25,33
hugo_boss,20,35.0,25,45
hugo_boss,35,36.0,25,41
hugo_boss,65,34.0,25,39
hugo_boss,40,36.0,25,21
hugo_boss,30,,25,48
hugo_boss,95,36.0,25,42
hugo_boss,140,38.0,26,21
hugo_boss,40,,27,49
hugo_boss,75,34.0,27,47
hugo_boss,43,34.0,27,23
hugo_boss,46,36.0,27,24
hugo_boss,68,30.0,27,44
hugo_boss,60,40.0,28,21
hugo_boss,48,,28,22
hugo_boss,29,36.0,28,25
hugo_boss,29,38.0,28,25
hugo_boss,25,36.0,28,30
hugo_boss,40,36.0,28,44
hugo_boss,110,34.0,445,50
hugo_boss,65,34.0,29,49
hugo_boss,45,38.0,29,26
hugo_boss,34,38.0,30,37
hugo_boss,58,36.0,31,22
hugo_boss,70,36.0,31,27
hugo_boss,45,,31,48
hugo_boss,25,33.0,32,15
hugo_boss,60,36.0,34,15
hugo_boss,80,38.0,34,22
hugo_boss,35,36.0,32,50
hugo_boss,40,38.0,32,50
hugo_boss,65,36.0,32,44
hugo_boss,95,31.0,32,29
hugo_boss,100,32.0,33,17
hugo_boss,40,,33,15
hugo_boss,12,34.0,34,46
hugo_boss,42,34.0,34,25
hugo_boss,32,34.0,34,42
hugo_boss,44,34.0,34,46
hugo_boss,30,33.0,34,24
hugo_boss,45,32.0,35,15
hugo_boss,79,38.0,35,32
hugo_boss,67,33.0,35,50
hugo_boss,55,,35,21
hugo_boss,25,36.0,35,40
hugo_boss,55,31.0,36,47
hugo_boss,90,36.0,36,43
hugo_boss,60,32.0,36,45
hugo_boss,16,34.0,36,43
hugo_boss,45,38.0,36,38
hugo_boss,80,32.0,37,21
hugo_boss,34,36.0,37,32
hugo_boss,80,34.0,37,27
hugo_boss,80,32.0,37,21
hugo_boss,80,32.0,37,22
hugo_boss,80,32.0,37,21
hugo_boss,65,32.0,37,48
hugo_boss,80,33.0,38,34
hugo_boss,80,32.0,38,15
hugo_boss,18,34.0,38,21
hugo_boss,55,,39,46
hugo_boss,30,42.0,39,15
hugo_boss,60,34.0,39,49
hugo_boss,85,31.0,39,43
hugo_boss,29,33.0,40,31
hugo_boss,10,38.0,40,33
hugo_boss,10,34.0,40,38
hugo_boss,18,,40,26
hugo_boss,45,36.0,41,48
hugo_boss,43,33.0,41,37
hugo_boss,60,,72,35
hugo_boss,49,32.0,41,44
hugo_boss,50,,41,15
hugo_boss,39,34.0,42,36
hugo_boss,45,29.0,42,44
hugo_boss,25,34.0,42,49
hugo_boss,60,38.0,43,49
hugo_boss,30,36.0,43,15
hugo_boss,20,32.0,44,18
hugo_boss,45,30.0,44,39
hugo_boss,54,34.0,45,46
hugo_boss,45,34.0,45,50
hugo_boss,30,32.0,46,48
hugo_boss,90,34.0,46,49
hugo_boss,159,36.0,46,42
hugo_boss,159,38.0,46,45
hugo_boss,77,42.0,46,50
hugo_boss,77,34.0,46,46
hugo_boss,77,34.0,46,47
hugo_boss,77,42.0,46,50
hugo_boss,29,32.0,46,26
hugo_boss,52,32.0,47,39
hugo_boss,12,34.0,47,15
hugo_boss,45,33.0,47,49
hugo_boss,50,34.0,47,41
hugo_boss,20,30.0,48,35
hugo_boss,25,38.0,47,15
hugo_boss,65,32.0,47,43
hugo_boss,65,33.0,47,43
hugo_boss,128,38.0,47,27
hugo_boss,40,36.0,47,50
hugo_boss,60,32.0,47,50
hugo_boss,149,,48,31
hugo_boss,25,36.0,48,29
hugo_boss,36,38.0,48,39
hugo_boss,50,36.0,48,18
hugo_boss,48,,48,44
hugo_boss,20,33.0,48,43
hugo_boss,142,34.0,48,31
hugo_boss,55,38.0,49,35
hugo_boss,45,38.0,49,22
hugo_boss,17,32.0,49,50
hugo_boss,30,32.0,50,45
hugo_boss,69,34.0,51,19
hugo_boss,28,38.0,51,20
hugo_boss,68,34.0,51,50
hugo_boss,20,35.0,52,40
hugo_boss,50,32.0,53,46
hugo_boss,50,,53,21
hugo_boss,20,36.0,53,47
hugo_boss,30,38.0,53,5
hugo_boss,40,,53,5
hugo_boss,65,35.0,53,50
hugo_boss,55,36.0,53,28
hugo_boss,20,36.0,53,21
hugo_boss,35,33.0,54,38
hugo_boss,41,30.0,55,41
hugo_boss,60,,55,38
hugo_boss,50,38.0,55,40
hugo_boss,42,33.0,84,38
hugo_boss,36,30.0,55,41
hugo_boss,25,36.0,55,50
hugo_boss,35,34.0,56,39
hugo_boss,35,33.0,56,36
hugo_boss,30,30.0,56,38
hugo_boss,15,31.0,57,34
hugo_boss,30,34.0,57,26
hugo_boss,38,32.0,57,49
hugo_boss,48,36.0,57,46
hugo_boss,25,33.0,57,48
hugo_boss,35,32.0,57,20
hugo_boss,55,,57,21
hugo_boss,27,32.0,57,48
hugo_boss,80,32.0,58,27
hugo_boss,57,,58,48
hugo_boss,25,36.0,58,10
hugo_boss,75,36.0,58,15
hugo_boss,55,36.0,59,40
hugo_boss,58,,59,48
hugo_boss,30,34.0,59,28
hugo_boss,22,40.0,59,45
hugo_boss,20,,60,32
hugo_boss,47,30.0,60,20
hugo_boss,20,,60,44
hugo_boss,23,34.0,60,47
hugo_boss,48,34.0,60,15
hugo_boss,55,34.0,60,26
hugo_boss,60,36.0,60,25
hugo_boss,61,36.0,60,26
hugo_boss,15,34.0,61,26
hugo_boss,36,30.0,61,32
hugo_boss,59,30.0,61,49
hugo_boss,45,31.0,62,15
hugo_boss,65,34.0,62,47
hugo_boss,65,36.0,62,45
hugo_boss,65,36.0,62,45
hugo_boss,65,38.0,62,37
hugo_boss,22,33.0,62,20
hugo_boss,45,33.0,63,41
hugo_boss,50,38.0,63,43
hugo_boss,43,34.0,66,48
hugo_boss,40,30.0,64,10
hugo_boss,40,30.0,64,15
hugo_boss,45,,64,31
hugo_boss,59,33.0,64,34
hugo_boss,37,36.0,64,34
hugo_boss,70,42.0,111,35
hugo_boss,15,32.0,64,50
hugo_boss,77,38.0,65,46
hugo_boss,40,32.0,65,48
hugo_boss,25,38.0,65,50
hugo_boss,40,33.0,65,46
hugo_boss,35,31.0,66,21
hugo_boss,41,36.0,66,45
hugo_boss,60,32.0,66,29
hugo_boss,59,38.0,66,40
hugo_boss,79,31.0,66,28
hugo_boss,20,36.0,68,10
hugo_boss,40,33.0,68,50
hugo_boss,18,40.0,68,33
hugo_boss,50,32.0,69,30
hugo_boss,40,38.0,69,45
hugo_boss,33,32.0,69,44
hugo_boss,15,36.0,69,21
hugo_boss,20,32.0,70,50
hugo_boss,20,32.0,70,44
hugo_boss,50,34.0,70,49
hugo_boss,25,,70,15
hugo_boss,39,,70,49
hugo_boss,15,32.0,71,15
hugo_boss,15,32.0,71,15
hugo_boss,30,34.0,71,30
hugo_boss,77,,71,50
hugo_boss,20,34.0,71,39
hugo_boss,18,33.0,71,15
hugo_boss,38,34.0,71,41
hugo_boss,22,32.0,72,41
hugo_boss,65,38.0,72,15
hugo_boss,40,33.0,72,47
hugo_boss,45,32.0,72,23
hugo_boss,150,40.0,72,21
hugo_boss,20,30.0,72,28
hugo_boss,25,36.0,74,9
hugo_boss,23,38.0,74,47
hugo_boss,24,38.0,74,47
hugo_boss,45,31.0,74,22
hugo_boss,49,32.0,76,50
hugo_boss,75,36.0,75,26
hugo_boss,25,32.0,75,33
hugo_boss,32,40.0,75,49
hugo_boss,7,38.0,75,44
hugo_boss,77,38.0,75,48
hugo_boss,77,34.0,75,42
hugo_boss,77,31.0,75,47
hugo_boss,77,33.0,75,41
hugo_boss,16,34.0,75,36
hugo_boss,36,32.0,75,38
hugo_boss,53,38.0,76,21
hugo_boss,48,38.0,76,21
hugo_boss,40,38.0,76,21
hugo_boss,48,38.0,76,21
hugo_boss,53,38.0,76,21
hugo_boss,48,38.0,76,21
hugo_boss,29,38.0,77,33
hugo_boss,25,36.0,77,32
hugo_boss,9,34.0,77,49
hugo_boss,41,30.0,77,45
hugo_boss,20,36.0,77,48
hugo_boss,19,36.0,77,43
hugo_boss,40,32.0,77,24
hugo_boss,45,36.0,78,21
hugo_boss,47,32.0,79,15
hugo_boss,19,32.0,79,42
hugo_boss,60,38.0,79,40
hugo_boss,20,38.0,80,33
hugo_boss,70,30.0,80,50
hugo_boss,150,36.0,80,15
hugo_boss,160,38.0,80,20
hugo_boss,150,36.0,80,15
hugo_boss,45,33.0,81,46
hugo_boss,30,,81,19
hugo_boss,36,36.0,83,41
hugo_boss,49,34.0,81,11
hugo_boss,49,34.0,81,11
hugo_boss,36,38.0,82,42
hugo_boss,30,,82,15
hugo_boss,20,40.0,83,15
hugo_boss,120,38.0,83,33
hugo_boss,48,34.0,83,45
hugo_boss,30,32.0,83,48
hugo_boss,75,32.0,83,10
hugo_boss,44,33.0,84,48
hugo_boss,40,,182,45
hugo_boss,19,40.0,84,49
hugo_boss,35,33.0,84,46
hugo_boss,10,36.0,84,48
hugo_boss,60,32.0,85,15
hugo_boss,27,36.0,85,29
hugo_boss,10,33.0,85,21
hugo_boss,25,30.0,85,41
hugo_boss,36,35.0,86,27
hugo_boss,65,30.0,86,43
hugo_boss,59,36.0,87,43
hugo_boss,25,31.0,87,49
hugo_boss,50,34.0,88,32
hugo_boss,20,36.0,88,46
hugo_boss,54,36.0,88,47
hugo_boss,50,36.0,88,47
hugo_boss,40,,88,48
hugo_boss,10,,89,10
hugo_boss,20,34.0,89,41
hugo_boss,20,34.0,89,32
hugo_boss,30,31.0,90,42
hugo_boss,70,,90,15
hugo_boss,50,38.0,91,23
hugo_boss,65,,92,46
hugo_boss,33,33.0,92,38
hugo_boss,18,31.0,92,15
hugo_boss,30,38.0,92,50
hugo_boss,45,34.0,92,43
hugo_boss,20,,93,21
hugo_boss,17,34.0,93,34
hugo_boss,22,34.0,93,49
hugo_boss,40,36.0,95,50
hugo_boss,20,34.0,96,36
hugo_boss,69,34.0,96,15
hugo_boss,36,34.0,97,15
hugo_boss,45,34.0,97,33
hugo_boss,60,32.0,97,50
hugo_boss,35,32.0,97,43
hugo_boss,50,31.0,97,22
hugo_boss,50,32.0,97,31
hugo_boss,27,38.0,98,21
hugo_boss,125,30.0,98,41
hugo_boss,30,34.0,98,48
hugo_boss,15,34.0,98,47
hugo_boss,40,,98,9
hugo_boss,35,36.0,99,27
hugo_boss,70,34.0,99,48
hugo_boss,45,,99,49
hugo_boss,30,33.0,99,15
hugo_boss,25,32.0,99,49
hugo_boss,55,34.0,100,45
hugo_boss,45,34.0,100,28
hugo_boss,38,38.0,100,45
hugo_boss,25,34.0,101,15
hugo_boss,30,34.0,101,15
hugo_boss,30,36.0,102,37
hugo_boss,40,34.0,102,15
hugo_boss,40,30.0,102,21
hugo_boss,30,34.0,103,24
hugo_boss,34,,103,15
hugo_boss,45,36.0,108,15
hugo_boss,45,36.0,108,15
hugo_boss,25,,104,21
hugo_boss,50,32.0,104,25
hugo_boss,60,36.0,104,49
hugo_boss,30,32.0,104,27
hugo_boss,30,34.0,105,21
hugo_boss,15,32.0,107,49
hugo_boss,40,36.0,105,48
hugo_boss,45,38.0,105,40
hugo_boss,15,34.0,105,45
hugo_boss,35,32.0,106,33
hugo_boss,20,32.0,106,21
hugo_boss,30,38.0,106,19
hugo_boss,19,28.0,106,36
hugo_boss,40,34.0,107,33
hugo_boss,35,33.0,107,40
hugo_boss,48,35.0,108,23
hugo_boss,8,30.0,108,37
hugo_boss,28,38.0,108,46
hugo_boss,13,34.0,108,27
hugo_boss,85,,109,50
hugo_boss,24,38.0,109,47
hugo_boss,50,34.0,109,39
hugo_boss,12,36.0,109,20
hugo_boss,55,33.0,110,13
hugo_boss,45,38.0,110,45
hugo_boss,35,32.0,113,45
hugo_boss,30,34.0,110,30
hugo_boss,7,30.0,111,41
hugo_boss,90,32.0,111,41
hugo_boss,25,32.0,111,20
hugo_boss,70,,111,42
hugo_boss,55,38.0,113,36
hugo_boss,15,34.0,113,28
hugo_boss,34,30.0,113,46
hugo_boss,46,34.0,114,50
hugo_boss,40,,114,49
hugo_boss,49,34.0,115,28
hugo_boss,31,32.0,115,34
hugo_boss,80,36.0,115,15
hugo_boss,65,40.0,116,29
hugo_boss,35,36.0,116,38
hugo_boss,35,34.0,116,28
hugo_boss,55,34.0,116,27
hugo_boss,25,33.0,116,40
hugo_boss,55,38.0,116,45
hugo_boss,40,34.0,116,15
hugo_boss,50,,116,33
hugo_boss,48,32.0,117,36
hugo_boss,65,38.0,117,26
hugo_boss,40,33.0,117,20
hugo_boss,40,34.0,118,42
hugo_boss,35,38.0,118,50
hugo_boss,35,36.0,118,49
hugo_boss,30,36.0,119,29
hugo_boss,60,38.0,119,25
hugo_boss,40,34.0,119,44
hugo_boss,8,36.0,119,38
hugo_boss,12,,120,48
hugo_boss,45,34.0,120,33
hugo_boss,27,40.0,120,48
hugo_boss,34,28.0,121,49
hugo_boss,60,32.0,121,49
hugo_boss,10,38.0,121,21
hugo_boss,12,32.0,122,33
hugo_boss,28,32.0,122,30
hugo_boss,25,30.0,123,50
hugo_boss,15,36.0,123,15
hugo_boss,40,34.0,124,15
hugo_boss,35,33.0,124,21
hugo_boss,99,34.0,124,34
hugo_boss,18,34.0,124,27
hugo_boss,18,34.0,124,23
hugo_boss,39,34.0,124,48
hugo_boss,13,32.0,126,27
hugo_boss,25,34.0,125,36
hugo_boss,46,35.0,125,48
diesel,52,31.0,1,45
diesel,119,30.0,1,44
diesel,270,,1,18
diesel,50,31.0,1,47
diesel,50,36.0,1,50
diesel,55,34.0,2,50
diesel,45,32.0,2,32
diesel,60,32.0,2,34
diesel,58,,2,50
diesel,60,32.0,2,25
diesel,60,31.0,2,34
diesel,60,33.0,2,35
diesel,90,33.0,2,18
diesel,155,32.0,2,18
diesel,55,30.0,2,18
diesel,18,36.0,2,31
diesel,99,31.0,2,25
diesel,250,,2,24
diesel,500,31.0,2,19
diesel,28,31.0,4,46
diesel,15,30.0,32,16
diesel,60,34.0,2,49
diesel,50,33.0,2,25
diesel,125,34.0,2,25
diesel,50,32.0,2,29
diesel,60,31.0,2,47
diesel,278,30.0,2,33
diesel,398,32.0,2,27
diesel,40,30.0,3,34
diesel,50,30.0,3,31
diesel,133,32.0,260,48
diesel,80,32.0,3,46
diesel,44,31.0,3,38
diesel,25,31.0,3,44
diesel,70,36.0,3,23
diesel,100,33.0,3,45
diesel,110,32.0,3,22
diesel,50,29.0,3,48
diesel,140,34.0,3,42
diesel,60,,3,41
diesel,60,,3,12
diesel,70,,3,31
diesel,60,,3,39
diesel,80,,3,35
diesel,20,,3,11
diesel,45,28.0,3,27
diesel,16,32.0,3,30
diesel,75,31.0,3,22
diesel,75,29.0,3,28
diesel,26,36.0,3,12
diesel,150,31.0,4,18
diesel,20,30.0,4,22
diesel,30,36.0,4,40
diesel,42,34.0,4,27
diesel,135,30.0,4,39
diesel,50,34.0,4,18
diesel,150,27.0,4,18
diesel,50,31.0,4,34
diesel,30,33.0,4,25
diesel,60,34.0,4,13
diesel,40,40.0,4,18
diesel,40,40.0,4,18
diesel,20,30.0,4,30
diesel,60,29.0,4,18
diesel,25,38.0,4,47
diesel,90,30.0,4,19
diesel,50,33.0,4,44
diesel,50,33.0,4,26
diesel,65,32.0,5,48
diesel,50,34.0,5,49
diesel,49,34.0,5,47
diesel,70,29.0,5,16
diesel,25,29.0,5,36
diesel,32,28.0,5,50
diesel,50,38.0,5,49
diesel,48,36.0,5,45
diesel,35,34.0,5,12
diesel,149,32.0,5,18
diesel,49,31.0,5,5
diesel,40,33.0,6,45
diesel,35,28.0,5,34
diesel,35,30.0,5,25
diesel,35,28.0,5,18
diesel,88,34.0,6,42
diesel,70,33.0,6,42
diesel,40,29.0,6,18
diesel,35,34.0,6,27
diesel,55,36.0,6,35
diesel,50,30.0,6,12
diesel,30,34.0,6,35
diesel,30,34.0,32,22
diesel,27,34.0,32,16
diesel,80,32.0,6,16
diesel,30,33.0,6,17
diesel,90,31.0,6,12
diesel,88,,6,50
diesel,88,36.0,6,25
diesel,23,38.0,6,43
diesel,38,30.0,6,46
diesel,80,32.0,6,45
diesel,30,33.0,6,33
diesel,95,31.0,6,45
diesel,50,32.0,6,45
diesel,50,34.0,6,39
diesel,48,34.0,6,32
diesel,15,32.0,6,19
diesel,40,31.0,6,32
diesel,45,31.0,6,24
diesel,35,,6,38
diesel,100,31.0,6,22
diesel,80,30.0,6,40
diesel,69,36.0,6,27
diesel,45,38.0,6,12
diesel,80,38.0,6,29
diesel,38,34.0,7,21
diesel,28,28.0,7,46
diesel,45,38.0,7,38
diesel,80,33.0,7,50
diesel,38,34.0,7,23
diesel,125,34.0,7,12
diesel,67,30.0,7,44
diesel,35,36.0,7,37
diesel,55,33.0,7,40
diesel,48,30.0,7,36
diesel,59,33.0,7,44
diesel,69,32.0,7,12
diesel,50,31.0,7,33
diesel,80,32.0,7,47
diesel,100,30.0,7,44
diesel,65,33.0,7,38
diesel,40,29.0,7,47
diesel,95,,7,25
diesel,49,,7,30
diesel,49,40.0,7,50
diesel,35,36.0,7,20
diesel,70,30.0,7,38
diesel,28,38.0,7,25
diesel,56,29.0,7,42
diesel,75,33.0,7,45
diesel,30,33.0,7,26
diesel,30,34.0,7,25
diesel,20,32.0,7,27
diesel,45,33.0,8,27
diesel,76,30.0,7,49
diesel,45,33.0,8,12
diesel,37,28.0,8,49
diesel,100,29.0,8,26
diesel,150,30.0,8,26
diesel,69,,8,49
diesel,50,33.0,8,41
diesel,45,31.0,8,12
diesel,50,33.0,8,44
diesel,30,31.0,8,12
diesel,40,36.0,8,32
diesel,59,33.0,8,41
diesel,30,31.0,8,41
diesel,24,34.0,8,48
diesel,35,31.0,8,12
diesel,35,31.0,8,12
diesel,45,36.0,9,50
diesel,40,,9,42
diesel,79,30.0,9,23
diesel,48,34.0,9,50
diesel,100,34.0,9,24
diesel,40,38.0,9,18
diesel,30,31.0,9,48
diesel,30,36.0,9,41
diesel,86,34.0,9,48
diesel,22,34.0,10,26
diesel,28,,9,45
diesel,90,32.0,9,25
diesel,50,32.0,10,46
diesel,50,33.0,10,47
diesel,80,28.0,10,21
diesel,142,36.0,10,35
diesel,50,31.0,10,42
diesel,128,36.0,11,50
diesel,29,38.0,10,25
diesel,25,30.0,10,50
diesel,44,30.0,10,50
diesel,59,,10,27
diesel,55,32.0,10,31
diesel,40,30.0,10,31
diesel,40,30.0,10,39
diesel,40,30.0,10,18
diesel,40,30.0,10,20
diesel,40,30.0,10,17
diesel,90,30.0,10,24
diesel,40,30.0,10,49
diesel,45,33.0,10,49
diesel,60,36.0,10,43
diesel,30,30.0,10,47
diesel,60,40.0,114,48
diesel,36,30.0,10,42
diesel,160,30.0,10,37
diesel,45,40.0,11,20
diesel,70,34.0,11,27
diesel,33,33.0,11,5
diesel,28,33.0,11,5
diesel,28,32.0,11,12
diesel,44,29.0,11,37
diesel,38,32.0,11,12
diesel,69,32.0,11,26
diesel,55,36.0,11,25
diesel,45,36.0,11,20
diesel,50,36.0,11,31
diesel,25,31.0,11,46
diesel,50,29.0,11,49
diesel,35,34.0,11,25
diesel,89,30.0,11,38
diesel,45,38.0,11,45
diesel,55,31.0,11,12
diesel,38,32.0,11,43
diesel,45,32.0,11,27
diesel,55,34.0,11,19
diesel,25,36.0,12,46
diesel,50,30.0,11,42
diesel,70,33.0,11,10
diesel,22,33.0,11,10
diesel,89,29.0,11,45
diesel,40,32.0,11,43
diesel,100,30.0,12,44
diesel,120,32.0,12,47
diesel,100,30.0,12,49
diesel,115,34.0,12,5
diesel,20,34.0,12,43
diesel,46,36.0,12,48
diesel,20,32.0,12,24
diesel,30,32.0,12,46
diesel,24,34.0,32,16
diesel,30,31.0,12,30
diesel,30,32.0,12,25
diesel,20,31.0,12,40
diesel,20,31.0,12,26
diesel,25,34.0,12,23
diesel,34,34.0,12,45
diesel,27,34.0,12,45
diesel,273,,12,19
diesel,200,28.0,13,45
diesel,85,38.0,14,39
diesel,96,29.0,13,35
diesel,50,28.0,13,30
diesel,45,33.0,13,12
diesel,40,34.0,13,12
diesel,30,34.0,13,12
diesel,30,31.0,13,12
diesel,150,36.0,13,36
diesel,76,36.0,13,50
diesel,56,28.0,13,50
diesel,69,32.0,14,46
diesel,50,33.0,14,49
diesel,65,,14,49
diesel,50,34.0,14,23
diesel,15,28.0,14,18
diesel,40,,14,30
diesel,50,34.0,14,27
diesel,30,32.0,15,31
diesel,32,36.0,14,46
diesel,15,29.0,14,12
diesel,40,34.0,14,17
diesel,65,31.0,14,49
diesel,79,32.0,260,48
diesel,60,32.0,15,49
diesel,22,38.0,32,16
diesel,39,33.0,15,35
diesel,30,34.0,15,43
diesel,20,40.0,32,16
diesel,13,31.0,15,48
diesel,18,33.0,15,26
diesel,75,34.0,15,17
diesel,30,34.0,15,45
diesel,150,32.0,15,12
diesel,90,36.0,15,42
diesel,25,34.0,15,34
diesel,40,33.0,149,49
diesel,25,28.0,16,19
diesel,20,36.0,32,22
diesel,32,29.0,16,49
diesel,16,33.0,16,26
diesel,40,33.0,16,39
diesel,30,30.0,16,18
diesel,95,31.0,16,41
diesel,95,33.0,16,46
diesel,15,36.0,16,31
diesel,10,36.0,16,29
diesel,15,36.0,16,30
diesel,50,29.0,16,46
diesel,170,32.0,16,23
diesel,42,30.0,16,38
diesel,60,29.0,16,32
diesel,179,32.0,16,12
diesel,19,,16,31
diesel,100,,16,29
diesel,128,28.0,17,19
diesel,228,28.0,17,19
diesel,115,28.0,17,19
diesel,55,32.0,17,12
diesel,128,28.0,17,19
diesel,50,32.0,17,46
diesel,54,38.0,17,47
diesel,50,32.0,17,46
diesel,55,34.0,17,50
diesel,50,33.0,17,27
diesel,30,31.0,17,28
diesel,35,,41,37
diesel,15,36.0,17,12
diesel,75,28.0,17,29
diesel,275,,17,17
diesel,135,36.0,17,15
diesel,110,28.0,17,20
diesel,130,33.0,18,15
diesel,65,33.0,18,46
diesel,55,30.0,18,14
diesel,40,30.0,106,48
diesel,75,33.0,18,50
diesel,8,33.0,18,36
diesel,35,32.0,34,46
diesel,90,32.0,334,42
diesel,40,33.0,19,33
diesel,70,34.0,19,12
diesel,50,30.0,19,12
diesel,125,,19,35
diesel,296,32.0,19,45
diesel,59,31.0,19,50
diesel,40,34.0,19,27
diesel,130,30.0,19,49
diesel,60,31.0,19,17
diesel,75,27.0,19,35
diesel,176,32.0,20,30
diesel,114,32.0,20,32
diesel,55,30.0,20,33
diesel,80,34.0,20,17
diesel,65,27.0,20,39
diesel,33,31.0,20,47
diesel,75,34.0,20,35
diesel,34,29.0,20,12
diesel,49,34.0,20,42
diesel,40,32.0,20,18
diesel,65,31.0,20,18
diesel,58,30.0,20,48
diesel,49,32.0,20,17
diesel,28,28.0,20,47
diesel,75,,20,42
diesel,20,36.0,20,16
diesel,40,33.0,20,12
diesel,35,33.0,20,12
diesel,19,26.0,20,42
diesel,29,33.0,20,19
diesel,50,32.0,20,22
diesel,12,31.0,21,18
diesel,31,34.0,21,18
diesel,30,34.0,21,18
diesel,25,34.0,21,18
diesel,25,34.0,21,18
diesel,70,32.0,21,18
diesel,90,30.0,21,48
diesel,23,36.0,21,35
diesel,15,36.0,21,37
diesel,75,32.0,21,44
diesel,36,34.0,21,28
diesel,22,32.0,21,47
diesel,75,33.0,21,48
diesel,45,34.0,27,43
diesel,35,34.0,21,47
diesel,31,38.0,21,48
diesel,80,32.0,21,43
diesel,20,36.0,22,40
diesel,75,31.0,22,40
diesel,69,30.0,22,42
diesel,22,36.0,22,46
diesel,40,36.0,22,38
diesel,70,34.0,22,23
diesel,70,34.0,22,24
diesel,20,38.0,22,5
diesel,68,32.0,22,32
diesel,39,34.0,22,48
diesel,50,32.0,22,41
diesel,45,34.0,22,25
diesel,50,36.0,22,50
diesel,40,33.0,22,46
diesel,100,31.0,23,20
diesel,99,31.0,23,42
diesel,40,31.0,23,20
diesel,35,33.0,23,12
diesel,45,31.0,23,49
diesel,70,31.0,23,50
diesel,25,32.0,23,42
diesel,150,29.0,23,44
diesel,75,30.0,23,50
diesel,60,36.0,23,50
diesel,50,31.0,23,47
diesel,25,34.0,23,44
diesel,25,34.0,23,31
diesel,30,30.0,23,40
diesel,11,33.0,23,48
diesel,20,33.0,23,18
diesel,87,40.0,23,36
diesel,45,30.0,24,24
diesel,150,33.0,24,36
diesel,25,36.0,24,34
diesel,30,36.0,24,44
diesel,35,29.0,24,12
diesel,120,29.0,24,42
diesel,40,36.0,24,30
diesel,60,34.0,24,21
diesel,54,36.0,24,20
diesel,59,32.0,24,36
diesel,25,32.0,24,18
diesel,38,31.0,25,35
diesel,55,29.0,25,49
diesel,45,34.0,25,41
diesel,65,36.0,25,49
diesel,45,27.0,25,45
diesel,60,33.0,25,21
diesel,60,33.0,25,21
diesel,80,32.0,25,21
diesel,125,29.0,25,18
diesel,72,33.0,25,21
diesel,80,33.0,25,21
diesel,80,32.0,25,21
diesel,80,32.0,25,21
diesel,69,33.0,25,44
diesel,23,38.0,25,44
diesel,25,38.0,25,37
diesel,32,34.0,25,46
diesel,52,32.0,25,49
diesel,69,31.0,25,49
diesel,100,34.0,254,47
diesel,20,30.0,26,50
diesel,25,31.0,26,50
diesel,22,30.0,26,37
diesel,22,30.0,26,45
diesel,22,29.0,26,37
diesel,60,34.0,26,47
diesel,10,31.0,26,42
diesel,10,31.0,26,36
diesel,15,32.0,26,27
diesel,20,34.0,26,26
diesel,164,31.0,26,48
diesel,16,34.0,26,18
diesel,50,30.0,27,11
diesel,30,34.0,27,35
diesel,52,36.0,27,24
diesel,34,34.0,27,19
diesel,69,32.0,27,36
diesel,50,32.0,27,20
diesel,35,34.0,27,30
diesel,50,34.0,27,39
diesel,20,34.0,27,40
diesel,55,28.0,27,42
diesel,100,36.0,27,48
diesel,65,32.0,28,47
diesel,42,34.0,28,47
diesel,90,36.0,28,23
diesel,25,32.0,28,11
diesel,22,30.0,28,11
diesel,80,29.0,28,23
diesel,80,29.0,28,18
diesel,29,36.0,28,31
diesel,36,31.0,28,47
diesel,15,34.0,28,47
diesel,35,32.0,28,35
diesel,50,32.0,28,31
diesel,75,33.0,28,24
diesel,39,32.0,29,50
diesel,20,31.0,29,12
diesel,25,31.0,29,12
diesel,25,32.0,29,12
diesel,50,,29,41
diesel,30,38.0,29,26
diesel,22,34.0,29,36
diesel,85,36.0,29,50
diesel,40,29.0,30,40
diesel,19,30.0,30,38
diesel,75,32.0,30,45
diesel,35,33.0,30,39
diesel,20,33.0,30,45
diesel,110,,30,48
diesel,16,33.0,30,48
diesel,20,27.0,30,19
big_star,25,33.0,1,13
big_star,30,32.0,2,24
big_star,65,31.0,2,46
big_star,50,33.0,170,47
big_star,20,30.0,2,14
big_star,80,34.0,2,32
big_star,40,33.0,3,38
big_star,45,34.0,3,14
big_star,25,27.0,3,24
big_star,40,32.0,3,40
big_star,35,30.0,3,50
big_star,42,32.0,3,30
big_star,42,32.0,3,30
big_star,29,32.0,3,48
big_star,45,34.0,3,19
big_star,29,32.0,3,48
big_star,29,32.0,3,48
big_star,29,32.0,3,48
big_star,80,36.0,3,17
big_star,50,33.0,3,39
big_star,29,32.0,10,29
big_star,45,34.0,3,18
big_star,32,32.0,4,25
big_star,30,32.0,4,33
big_star,20,34.0,4,22
big_star,35,33.0,4,48
big_star,25,33.0,4,35
big_star,29,32.0,5,48
big_star,29,32.0,5,45
big_star,29,32.0,5,48
big_star,25,32.0,5,20
big_star,40,32.0,5,20
big_star,48,33.0,5,43
big_star,30,32.0,6,14
big_star,36,32.0,6,49
big_star,48,33.0,6,44
big_star,30,33.0,6,44
big_star,30,33.0,6,44
big_star,90,30.0,6,32
big_star,30,32.0,6,48
big_star,30,32.0,6,48
big_star,29,27.0,6,49
big_star,20,38.0,6,20
big_star,29,32.0,7,49
big_star,30,32.0,7,48
big_star,29,32.0,7,50
big_star,15,30.0,7,20
big_star,29,32.0,7,49
big_star,29,32.0,7,48
big_star,76,33.0,7,14
big_star,29,32.0,10,29
big_star,69,34.0,7,14
big_star,20,31.0,7,38
big_star,40,,7,28
big_star,32,34.0,7,20
big_star,50,34.0,7,5
big_star,29,32.0,8,48
big_star,35,,8,32
big_star,35,,8,32
big_star,29,32.0,8,48
big_star,29,32.0,8,48
big_star,47,32.0,8,34
big_star,30,32.0,8,29
big_star,45,32.0,8,29
big_star,45,30.0,8,29
big_star,45,31.0,8,23
big_star,20,30.0,8,37
big_star,45,32.0,8,20
big_star,35,38.0,9,28
big_star,53,32.0,170,47
big_star,65,33.0,9,26
big_star,30,31.0,9,14
big_star,29,32.0,9,29
big_star,24,32.0,46,36
big_star,29,,9,29
big_star,29,32.0,9,29
big_star,29,32.0,9,29
big_star,29,32.0,9,30
big_star,29,32.0,9,29
big_star,29,32.0,9,29
big_star,65,34.0,9,50
big_star,50,32.0,9,40
big_star,29,32.0,10,29
big_star,29,32.0,10,29
big_star,29,,10,48
big_star,30,,10,48
big_star,29,,10,29
big_star,29,32.0,10,29
big_star,20,36.0,10,35
big_star,29,32.0,10,23
big_star,60,32.0,327,45
big_star,29,36.0,13,50
big_star,25,40.0,11,44
big_star,29,32.0,11,41
big_star,29,32.0,11,48
big_star,31,32.0,11,45
big_star,31,32.0,11,41
big_star,31,32.0,11,47
big_star,29,,11,48
big_star,90,32.0,11,29
big_star,19,32.0,12,28
big_star,29,32.0,12,38
big_star,40,33.0,837,22
big_star,31,32.0,12,49
big_star,29,34.0,12,39
big_star,30,32.0,12,22
big_star,30,34.0,13,20
big_star,25,36.0,13,23
big_star,40,33.0,13,45
big_star,20,38.0,14,46
big_star,55,32.0,13,19
big_star,55,34.0,13,45
big_star,65,32.0,13,14
big_star,27,32.0,13,30
big_star,29,32.0,13,29
big_star,30,30.0,13,13
big_star,37,33.0,13,35
big_star,29,32.0,14,43
big_star,29,32.0,14,29
big_star,39,36.0,14,45
big_star,49,34.0,14,14
big_star,29,,14,48
big_star,29,32.0,14,48
big_star,29,32.0,14,29
big_star,21,32.0,14,43
big_star,25,32.0,14,48
big_star,39,32.0,14,47
big_star,29,32.0,14,49
big_star,28,32.0,14,49
big_star,21,32.0,46,46
big_star,21,32.0,14,49
big_star,21,32.0,46,42
big_star,55,34.0,14,38
big_star,32,31.0,14,28
big_star,29,32.0,14,32
big_star,20,33.0,14,31
big_star,41,36.0,15,41
big_star,35,31.0,15,23
big_star,15,40.0,15,47
big_star,70,,423,43
big_star,22,32.0,16,45
big_star,25,31.0,16,29
big_star,35,40.0,16,42
big_star,16,36.0,16,29
big_star,22,32.0,16,39
big_star,60,33.0,16,14
big_star,35,29.0,16,28
big_star,35,29.0,16,34
big_star,50,36.0,16,16
big_star,40,36.0,17,37
big_star,69,32.0,17,50
big_star,25,31.0,17,39
big_star,50,,17,24
big_star,28,32.0,17,28
big_star,7,36.0,18,23
big_star,44,34.0,18,24
big_star,45,36.0,18,20
big_star,22,28.0,18,32
big_star,30,32.0,18,20
big_star,30,32.0,18,20
big_star,80,32.0,18,20
big_star,20,32.0,18,48
big_star,50,34.0,18,43
big_star,30,36.0,18,49
big_star,40,34.0,19,20
big_star,17,36.0,19,32
big_star,20,36.0,19,48
big_star,29,34.0,19,39
big_star,39,36.0,19,38
big_star,22,40.0,20,50
big_star,28,38.0,20,50
big_star,10,29.0,20,18
big_star,20,30.0,20,31
big_star,8,30.0,20,20
big_star,26,30.0,21,47
big_star,29,32.0,21,48
big_star,32,32.0,21,41
big_star,54,34.0,21,36
big_star,50,34.0,21,30
big_star,50,33.0,21,41
big_star,29,32.0,21,49
big_star,30,36.0,21,24
big_star,29,32.0,21,40
big_star,22,32.0,21,46
big_star,24,32.0,21,46
big_star,45,32.0,21,41
big_star,45,30.0,21,10
big_star,45,32.0,22,20
big_star,65,32.0,22,34
big_star,15,33.0,22,27
big_star,50,31.0,22,14
big_star,32,33.0,22,28
big_star,39,32.0,22,47
big_star,39,34.0,22,50
big_star,38,34.0,22,25
big_star,50,34.0,22,20
big_star,55,38.0,22,24
big_star,55,34.0,24,48
big_star,33,32.0,22,47
big_star,64,30.0,22,48
big_star,24,32.0,23,34
big_star,23,32.0,23,48
big_star,22,32.0,23,40
big_star,25,32.0,23,29
big_star,23,32.0,23,46
big_star,35,31.0,23,38
big_star,23,32.0,23,46
big_star,15,32.0,23,22
big_star,50,34.0,24,36
big_star,39,29.0,24,43
big_star,25,36.0,24,48
big_star,60,34.0,24,27
big_star,23,32.0,25,43
big_star,30,34.0,25,22
big_star,21,32.0,46,36
big_star,22,32.0,46,23
big_star,28,34.0,26,38
big_star,40,33.0,26,14
big_star,40,32.0,26,14
big_star,45,36.0,26,14
big_star,35,36.0,26,50
big_star,21,33.0,27,43
big_star,35,34.0,27,49
big_star,21,28.0,27,21
big_star,27,32.0,27,40
big_star,125,,27,33
big_star,20,32.0,27,45
big_star,15,,27,20
big_star,49,32.0,28,36
big_star,75,36.0,29,44
big_star,35,32.0,29,42
big_star,28,38.0,29,40
big_star,45,36.0,29,40
big_star,35,38.0,29,39
big_star,22,32.0,46,23
big_star,21,32.0,46,46
big_star,39,29.0,30,47
big_star,53,33.0,170,47
big_star,45,29.0,30,42
big_star,36,29.0,30,37
big_star,20,33.0,30,32
big_star,30,31.0,30,28
big_star,35,32.0,30,44
big_star,38,36.0,30,44
big_star,35,36.0,31,41
big_star,10,40.0,31,11
big_star,65,36.0,31,17
big_star,35,36.0,31,46
big_star,33,36.0,31,14
big_star,31,38.0,31,31
big_star,9,,31,24
big_star,25,34.0,32,14
big_star,18,31.0,32,43
big_star,40,28.0,99,14
big_star,75,38.0,32,5
big_star,16,29.0,33,30
big_star,35,33.0,33,14
big_star,25,34.0,33,31
big_star,25,34.0,33,40
big_star,23,32.0,33,46
big_star,22,32.0,33,44
big_star,26,34.0,33,26
big_star,18,32.0,46,46
big_star,18,32.0,46,46
big_star,18,32.0,46,46
big_star,21,32.0,33,49
big_star,39,32.0,33,47
big_star,50,34.0,33,48
big_star,22,33.0,33,40
big_star,40,42.0,33,22
big_star,15,38.0,33,43
big_star,44,33.0,85,13
big_star,15,36.0,34,48
big_star,10,38.0,34,35
big_star,12,31.0,34,48
big_star,40,31.0,34,47
big_star,50,32.0,34,37
big_star,50,32.0,34,31
big_star,28,34.0,34,44
big_star,80,42.0,35,18
big_star,25,32.0,36,40
big_star,58,36.0,35,41
big_star,28,34.0,36,40
big_star,34,36.0,36,46
big_star,15,30.0,36,13
big_star,21,27.0,36,28
big_star,21,32.0,36,50
big_star,21,32.0,36,48
big_star,21,32.0,36,48
big_star,21,32.0,46,46
big_star,25,33.0,37,8
big_star,39,30.0,37,47
big_star,21,,37,47
big_star,30,40.0,37,41
big_star,16,30.0,37,48
big_star,13,31.0,37,20
big_star,35,,41,47
big_star,25,38.0,41,49
big_star,58,30.0,39,35
big_star,25,34.0,39,25
big_star,45,29.0,39,11
big_star,35,36.0,40,36
big_star,40,34.0,40,37
big_star,25,31.0,40,47
big_star,30,,40,21
big_star,35,30.0,41,14
big_star,40,31.0,41,25
big_star,30,32.0,41,14
big_star,65,36.0,41,39
big_star,7,30.0,41,30
big_star,21,32.0,41,48
big_star,39,34.0,41,18
big_star,35,34.0,41,46
big_star,41,,42,49
big_star,25,38.0,42,34
big_star,18,32.0,42,50
big_star,25,33.0,42,20
big_star,15,34.0,42,20
big_star,19,32.0,46,42
big_star,50,36.0,42,40
big_star,40,,42,40
big_star,20,34.0,43,46
big_star,30,32.0,44,47
big_star,30,33.0,43,45
big_star,45,34.0,43,40
big_star,63,,424,35
big_star,50,34.0,43,14
big_star,50,36.0,43,43
big_star,35,34.0,43,19
big_star,45,32.0,43,47
big_star,40,38.0,44,38
big_star,15,36.0,44,14
big_star,32,36.0,44,49
big_star,19,32.0,44,42
big_star,50,29.0,44,49
big_star,25,34.0,44,24
big_star,30,33.0,44,48
big_star,20,31.0,45,14
big_star,35,28.0,45,50
big_star,21,32.0,46,36
big_star,30,32.0,46,50
big_star,21,,46,42
big_star,24,,46,36
big_star,21,,46,46
big_star,22,,46,23
big_star,18,,46,46
big_star,25,33.0,46,49
big_star,22,32.0,46,40
big_star,18,30.0,46,23
big_star,21,32.0,47,24
big_star,40,33.0,47,39
big_star,22,31.0,47,36
big_star,19,32.0,47,47
big_star,35,40.0,47,43
big_star,35,38.0,47,31
big_star,25,34.0,47,20
big_star,45,33.0,47,28
big_star,38,38.0,48,42
big_star,53,,48,48
big_star,35,34.0,48,33
big_star,5,34.0,48,34
big_star,5,33.0,48,34
big_star,29,32.0,49,48
big_star,39,,49,49
big_star,35,,49,47
big_star,30,29.0,49,14
big_star,65,36.0,49,39
big_star,35,29.0,49,46
big_star,21,32.0,50,46
big_star,12,36.0,50,36
big_star,19,32.0,50,46
big_star,19,32.0,50,49
big_star,19,32.0,50,48
big_star,68,34.0,54,32
big_star,20,,51,37
big_star,40,34.0,51,14
big_star,30,33.0,51,47
big_star,19,32.0,51,48
big_star,19,32.0,51,46
big_star,19,32.0,51,48
big_star,55,32.0,51,25
big_star,44,32.0,52,40
big_star,40,34.0,52,21
big_star,49,34.0,52,34
big_star,24,38.0,85,14
big_star,32,40.0,53,45
big_star,30,29.0,53,37
big_star,40,33.0,53,14
big_star,45,30.0,53,37
big_star,35,34.0,53,50
big_star,28,32.0,54,26
big_star,40,42.0,54,23
big_star,52,32.0,54,8
big_star,25,30.0,54,30
big_star,35,32.0,54,40
big_star,35,34.0,55,22
big_star,55,40.0,55,47
big_star,20,31.0,63,15
big_star,33,32.0,55,14
big_star,50,34.0,55,34
big_star,60,,133,43
big_star,25,40.0,56,44
big_star,30,31.0,85,22
big_star,36,31.0,56,20
big_star,40,31.0,56,20
big_star,20,30.0,57,46
big_star,60,36.0,57,33
big_star,40,,57,24
big_star,20,34.0,57,48
big_star,29,34.0,57,49
big_star,20,34.0,57,48
big_star,30,,57,48
big_star,60,38.0,57,24
big_star,28,34.0,57,45
big_star,25,31.0,58,20
big_star,55,30.0,58,41
big_star,55,31.0,58,41
big_star,110,34.0,58,35
big_star,35,32.0,58,49
big_star,30,,58,14
big_star,35,32.0,59,49
big_star,40,36.0,59,48
big_star,19,32.0,59,48
big_star,29,32.0,59,46
big_star,19,32.0,59,43
big_star,45,36.0,59,46
big_star,19,32.0,59,42
big_star,45,36.0,59,48
big_star,40,33.0,59,49
big_star,15,34.0,59,37
big_star,12,34.0,59,37
big_star,20,32.0,59,48
big_star,30,33.0,59,19
big_star,22,31.0,60,20
big_star,35,34.0,60,48
big_star,50,33.0,60,43
big_star,28,34.0,60,42
big_star,39,32.0,60,47
big_star,21,32.0,60,40
big_star,30,32.0,60,47
big_star,24,32.0,60,22
big_star,31,36.0,61,22
big_star,25,30.0,61,31
big_star,35,32.0,61,40
big_star,34,30.0,61,47
big_star,14,34.0,61,45
big_star,15,33.0,61,19
big_star,28,34.0,61,37
big_star,30,34.0,61,20
big_star,27,38.0,62,25
big_star,40,32.0,62,28
big_star,19,32.0,62,48
big_star,21,32.0,62,45
big_star,19,32.0,62,29
big_star,19,32.0,62,46
big_star,15,32.0,62,20
big_star,24,40.0,62,24
big_star,20,32.0,62,46
big_star,24,32.0,62,43
big_star,21,32.0,62,48
big_star,10,31.0,62,26
big_star,19,32.0,62,50
big_star,19,32.0,63,49
big_star,19,32.0,63,29
big_star,13,34.0,63,33
big_star,5,34.0,63,40
big_star,19,32.0,63,29
big_star,20,32.0,63,26
big_star,15,32.0,63,26
big_star,30,33.0,63,20
big_star,19,32.0,63,49
big_star,30,34.0,63,43
big_star,19,32.0,63,48
big_star,30,34.0,63,28
big_star,35,31.0,63,25
big_star,70,34.0,63,27
big_star,75,33.0,63,42
big_star,75,33.0,63,29
big_star,20,30.0,63,38
big_star,73,34.0,64,45
mavi,55,40.0,1,16
mavi,70,33.0,1,10
mavi,60,33.0,2,14
mavi,20,40.0,2,27
mavi,25,32.0,2,26
mavi,25,32.0,2,26
mavi,30,36.0,3,16
mavi,35,34.0,3,40
mavi,22,30.0,174,47
mavi,36,36.0,3,50
mavi,50,33.0,4,10
mavi,30,,4,16
mavi,35,38.0,4,46
mavi,45,33.0,4,36
mavi,45,32.0,4,50
mavi,45,32.0,4,36
mavi,50,33.0,4,32
mavi,40,31.0,4,30
mavi,35,32.0,5,16
mavi,25,36.0,5,34
mavi,22,38.0,5,34
mavi,30,30.0,5,10
mavi,5,33.0,5,14
mavi,30,30.0,6,15
mavi,39,33.0,6,44
mavi,30,31.0,6,34
mavi,30,38.0,7,45
mavi,59,36.0,7,34
mavi,45,36.0,7,34
mavi,90,33.0,9,19
mavi,55,32.0,9,16
mavi,55,32.0,9,16
mavi,35,40.0,11,37
mavi,25,36.0,11,43
mavi,25,,12,11
mavi,80,28.0,12,28
mavi,40,36.0,12,44
mavi,40,38.0,13,43
mavi,40,38.0,14,50
mavi,35,38.0,14,33
mavi,40,32.0,14,23
mavi,80,40.0,14,47
mavi,40,32.0,14,47
mavi,35,34.0,15,17
mavi,80,38.0,15,46
mavi,35,31.0,863,37
mavi,40,36.0,17,46
mavi,18,33.0,19,20
mavi,26,33.0,20,44
mavi,45,31.0,20,36
mavi,20,34.0,20,16
mavi,20,36.0,20,16
mavi,15,34.0,20,16
mavi,25,30.0,20,37
mavi,20,34.0,20,45
mavi,45,34.0,21,34
mavi,45,30.0,21,18
mavi,45,38.0,23,39
mavi,30,40.0,23,27
mavi,25,40.0,23,39
mavi,30,38.0,23,30
mavi,45,38.0,23,45
mavi,50,34.0,24,50
mavi,25,38.0,24,10
mavi,29,34.0,25,32
mavi,35,31.0,25,33
mavi,26,,25,39
mavi,50,,26,43
mavi,50,,26,42
mavi,50,38.0,27,35
mavi,30,36.0,27,37
mavi,39,31.0,28,46
mavi,20,38.0,27,18
mavi,28,,28,15
mavi,30,36.0,28,27
mavi,25,36.0,28,29
mavi,27,34.0,28,44
mavi,25,34.0,28,41
mavi,25,38.0,29,23
mavi,40,40.0,29,49
mavi,10,36.0,30,48
mavi,31,36.0,30,20
mavi,25,36.0,30,19
mavi,25,31.0,31,49
mavi,35,34.0,31,43
mavi,60,34.0,31,10
mavi,50,32.0,32,5
mavi,25,,33,10
mavi,10,40.0,33,23
mavi,27,33.0,34,38
mavi,12,38.0,34,44
mavi,20,34.0,34,19
mavi,60,33.0,34,45
mavi,35,34.0,34,39
mavi,9,34.0,34,49
mavi,45,36.0,35,24
mavi,40,31.0,35,33
mavi,25,31.0,36,16
mavi,39,,36,25
mavi,8,33.0,37,24
mavi,54,32.0,37,16
mavi,35,38.0,38,33
mavi,18,30.0,38,16
mavi,12,30.0,38,30
mavi,19,33.0,40,16
mavi,50,36.0,40,18
mavi,25,34.0,41,29
mavi,30,,42,46
mavi,10,31.0,42,43
mavi,20,31.0,42,40
mavi,25,32.0,42,44
mavi,10,33.0,42,40
mavi,10,29.0,42,16
mavi,22,38.0,42,33
mavi,35,,43,21
mavi,20,33.0,43,35
mavi,10,38.0,44,33
mavi,17,34.0,44,38
mavi,25,31.0,45,18
mavi,35,34.0,45,18
mavi,50,35.0,45,10
mavi,60,29.0,45,47
mavi,19,38.0,46,21
mavi,75,,46,25
mavi,20,34.0,47,16
mavi,30,34.0,47,50
mavi,35,,48,43
mavi,18,32.0,48,14
mavi,40,30.0,48,37
mavi,80,,49,50
mavi,10,38.0,49,39
mavi,40,32.0,49,29
mavi,18,34.0,50,10
mavi,24,36.0,50,45
mavi,50,33.0,50,47
mavi,25,28.0,51,24
mavi,25,32.0,51,26
mavi,10,33.0,52,16
mavi,10,32.0,52,47
mavi,12,33.0,52,49
mavi,45,34.0,53,50
mavi,13,34.0,53,43
mavi,64,38.0,53,32
mavi,45,31.0,53,14
mavi,36,,772,47
mavi,20,29.0,53,50
mavi,49,38.0,175,47
mavi,54,38.0,54,50
mavi,40,34.0,54,44
mavi,10,28.0,54,39
mavi,60,33.0,54,50
mavi,25,36.0,54,10
mavi,15,36.0,54,10
mavi,49,32.0,56,28
mavi,45,34.0,57,30
mavi,15,36.0,57,49
mavi,15,36.0,58,37
mavi,18,28.0,58,25
mavi,40,36.0,59,10
mavi,30,34.0,59,48
mavi,55,34.0,59,43
mavi,45,38.0,173,50
mavi,35,38.0,60,44
mavi,85,32.0,60,45
mavi,35,33.0,61,47
mavi,65,36.0,61,18
mavi,15,30.0,61,49
mavi,45,,61,46
mavi,20,32.0,103,33
mavi,5,34.0,110,37
mavi,22,32.0,63,47
mavi,25,,63,17
mavi,15,30.0,63,17
mavi,30,30.0,63,22
mavi,35,32.0,64,22
mavi,39,29.0,64,50
mavi,27,38.0,64,35
mavi,39,36.0,64,48
mavi,25,32.0,64,38
mavi,28,34.0,64,47
mavi,20,33.0,64,45
mavi,36,33.0,64,50
mavi,20,32.0,64,34
mavi,18,34.0,65,16
mavi,40,32.0,65,16
mavi,85,34.0,65,41
mavi,25,30.0,66,10
mavi,25,36.0,66,40
mavi,65,34.0,66,46
mavi,20,34.0,66,25
mavi,12,34.0,66,21
mavi,40,36.0,66,16
mavi,65,32.0,66,16
mavi,27,34.0,66,16
mavi,8,34.0,67,15
mavi,50,34.0,67,45
mavi,42,,68,16
mavi,32,38.0,68,37
mavi,25,33.0,68,34
mavi,45,40.0,68,38
mavi,23,32.0,68,44
mavi,12,38.0,69,20
mavi,28,33.0,69,32
mavi,10,40.0,69,16
mavi,29,32.0,69,16
mavi,22,32.0,69,27
mavi,11,34.0,70,30
mavi,15,38.0,70,32
mavi,25,36.0,70,16
mavi,20,36.0,70,44
mavi,45,32.0,70,50
mavi,15,32.0,71,47
mavi,34,36.0,71,42
mavi,75,32.0,71,30
mavi,40,40.0,72,44
mavi,30,32.0,73,41
mavi,55,31.0,73,33
mavi,20,34.0,73,19
mavi,12,36.0,73,27
mavi,30,30.0,74,42
mavi,30,36.0,74,22
mavi,18,34.0,74,28
mavi,59,40.0,74,19
mavi,18,,74,37
mavi,37,30.0,74,48
mavi,16,34.0,75,17
mavi,26,31.0,75,50
mavi,36,36.0,75,39
mavi,60,,76,41
mavi,45,36.0,76,50
mavi,18,34.0,76,15
mavi,35,31.0,76,40
mavi,15,33.0,80,43
mavi,50,36.0,77,38
mavi,40,35.0,77,50
mavi,44,35.0,77,31
mavi,22,36.0,79,35
mavi,35,32.0,79,10
mavi,45,36.0,79,47
mavi,55,,79,38
mavi,55,,79,38
mavi,14,,79,24
mavi,50,35.0,126,37
mavi,30,34.0,80,10
mavi,42,38.0,80,41
mavi,13,33.0,80,27
mavi,48,36.0,80,42
mavi,38,33.0,81,43
mavi,30,36.0,81,18
mavi,25,40.0,82,16
mavi,25,40.0,82,16
mavi,38,32.0,82,41
mavi,49,36.0,83,26
mavi,27,36.0,83,26
mavi,25,36.0,83,16
mavi,10,32.0,83,35
mavi,44,38.0,175,44
mavi,17,38.0,84,14
mavi,25,34.0,84,50
mavi,48,36.0,175,44
mavi,10,40.0,85,22
mavi,60,36.0,348,44
mavi,53,33.0,85,10
mavi,40,34.0,86,41
mavi,55,34.0,86,49
mavi,19,34.0,92,44
mavi,18,33.0,87,29
mavi,35,40.0,87,15
mavi,10,32.0,87,23
mavi,35,40.0,87,22
mavi,58,36.0,88,47
mavi,35,32.0,88,38
mavi,48,36.0,88,47
mavi,27,36.0,88,18
mavi,15,34.0,88,5
mavi,15,34.0,89,50
mavi,12,36.0,89,16
mavi,15,31.0,89,14
mavi,9,31.0,89,50
mavi,22,,89,22
mavi,12,32.0,89,22
mavi,24,32.0,90,40
mavi,26,36.0,90,36
mavi,25,34.0,90,47
mavi,24,34.0,94,35
mavi,44,38.0,91,50
mavi,35,34.0,91,37
mavi,35,32.0,92,47
mavi,45,34.0,92,39
mavi,30,42.0,92,33
mavi,15,34.0,92,34
mavi,20,36.0,92,29
mavi,20,36.0,92,43
mavi,30,36.0,348,23
mavi,10,30.0,93,16
mavi,13,29.0,93,16
mavi,42,38.0,93,33
mavi,45,32.0,94,15
mavi,13,36.0,94,38
mavi,30,40.0,94,22
mavi,30,30.0,95,41
mavi,65,29.0,95,35
mavi,40,34.0,95,36
mavi,50,36.0,96,37
mavi,35,33.0,96,39
mavi,26,33.0,96,42
mavi,24,32.0,96,40
mavi,18,32.0,96,49
mavi,18,33.0,96,24
mavi,22,32.0,96,17
mavi,28,,97,36
mavi,45,32.0,97,42
mavi,15,31.0,97,38
mavi,39,36.0,101,44
mavi,30,37.0,97,43
mavi,11,33.0,97,41
mavi,9,36.0,97,43
mavi,25,36.0,97,16
mavi,30,34.0,97,35
mavi,15,38.0,97,27
mavi,13,34.0,97,16
mavi,35,33.0,97,22
mavi,56,33.0,97,16
mavi,74,36.0,98,47
mavi,15,31.0,98,22
mavi,46,36.0,173,50
mavi,52,42.0,173,50
mavi,36,36.0,99,35
mavi,21,,99,16
mavi,25,36.0,99,16
mavi,30,36.0,99,16
mavi,40,34.0,100,15
mavi,30,34.0,100,38
mavi,15,32.0,101,10
mavi,28,38.0,101,38
mavi,22,32.0,101,16
mavi,60,36.0,101,30
mavi,10,31.0,102,14
mavi,30,40.0,102,22
mavi,45,36.0,102,29
mavi,30,38.0,102,16
mavi,34,40.0,102,20
mavi,13,34.0,102,16
mavi,20,34.0,102,30
mavi,12,34.0,103,23
mavi,30,40.0,103,45
mavi,20,,103,33
mavi,12,32.0,104,21
mavi,36,34.0,104,49
mavi,35,35.0,104,47
mavi,34,38.0,104,38
mavi,25,32.0,105,40
mavi,31,29.0,105,37
mavi,60,,105,10
mavi,25,36.0,105,39
mavi,35,32.0,106,47
mavi,30,34.0,106,38
mavi,50,36.0,107,44
mavi,15,34.0,107,21
mavi,40,,107,40
mavi,28,36.0,107,32
mavi,25,33.0,107,27
mavi,20,38.0,109,10
mavi,46,30.0,109,42
mavi,62,36.0,115,46
mavi,16,36.0,109,16
mavi,20,36.0,109,29
mavi,50,36.0,173,49
mavi,30,34.0,110,30
mavi,50,,110,49
mavi,44,36.0,175,47
mavi,40,29.0,110,11
mavi,40,34.0,110,16
mavi,25,32.0,110,26
mavi,10,31.0,111,29
mavi,19,32.0,111,45
mavi,50,,112,26
mavi,44,36.0,112,48
mavi,60,36.0,143,34
mavi,24,36.0,112,40
mavi,32,36.0,112,36
mavi,95,31.0,113,37
mavi,22,29.0,113,15
mavi,40,30.0,113,37
mavi,18,,113,14
mavi,20,33.0,114,46
mavi,12,40.0,114,27
mavi,12,40.0,114,27
mavi,25,34.0,114,17
mavi,25,33.0,115,30
mavi,45,38.0,116,50
mavi,40,36.0,116,21
mavi,40,30.0,116,36
mavi,35,30.0,116,14
mavi,8,34.0,116,44
mavi,30,31.0,116,48
mavi,22,33.0,116,25
mavi,20,31.0,117,5
mavi,50,30.0,117,27
mavi,65,30.0,117,21
mavi,60,29.0,118,15
mavi,15,34.0,118,27
mavi,26,33.0,119,42
mavi,25,36.0,119,39
mavi,50,35.0,119,36
mavi,70,32.0,119,37
mavi,15,36.0,119,36
mavi,15,33.0,120,32
mavi,31,34.0,120,43
mavi,40,,120,15
mavi,19,32.0,120,39
mavi,20,36.0,120,16
mavi,10,32.0,120,23
mavi,28,34.0,121,41
mavi,15,31.0,121,42
mavi,20,34.0,121,31
mavi,8,32.0,121,16
mavi,44,36.0,121,30
mavi,30,32.0,122,24
mavi,85,,122,22
mavi,65,32.0,122,30
mavi,28,33.0,123,20
mavi,20,38.0,124,33
mavi,49,36.0,175,47
mavi,44,38.0,174,47
mavi,15,,124,10
mavi,27,32.0,124,44
mavi,15,36.0,125,30
mavi,20,36.0,125,28
mavi,45,36.0,126,22
mavi,14,30.0,127,25
mavi,27,32.0,127,47
mavi,90,,127,29
mavi,30,32.0,127,37
mavi,25,36.0,127,39
mavi,50,38.0,128,33
mavi,50,30.0,129,17
mavi,40,36.0,129,22
mavi,80,33.0,130,29
mavi,6,40.0,130,34
mavi,23,34.0,145,23
mavi,39,32.0,133,38
mavi,25,29.0,134,46
mavi,25,29.0,134,46
mavi,31,28.0,133,21
mavi,25,33.0,134,32
mavi,35,38.0,134,50
mavi,63,40.0,134,4
mavi,15,32.0,135,29
mavi,40,31.0,135,30
mavi,32,36.0,136,32
mavi,10,33.0,136,16
mavi,25,38.0,136,44
mavi,20,40.0,136,49
mavi,50,38.0,137,16
mavi,55,38.0,137,16
mavi,60,38.0,137,49
mavi,13,36.0,138,16
mavi,15,,138,21
mavi,25,30.0,138,20
mavi,26,34.0,138,37
mavi,20,36.0,138,34
mavi,25,,139,30
mavi,40,34.0,140,15
mavi,12,32.0,141,10
mavi,30,33.0,174,47
mavi,7,,142,26
mavi,50,,142,34
mavi,25,34.0,143,36
mavi,12,31.0,143,50
mavi,85,,143,34
mavi,85,,143,34
mavi,30,33.0,145,16
mavi,15,32.0,146,50
mavi,45,36.0,145,16
mavi,25,34.0,145,47
mavi,13,34.0,146,35
mavi,30,34.0,146,29
mavi,50,30.0,146,47
mavi,60,34.0,146,10
naked_famous_denim,125,32.0,2,46
naked_famous_denim,28,34.0,2,47
naked_famous_denim,44,32.0,3,49
naked_famous_denim,59,30.0,3,48
naked_famous_denim,110,32.0,5,46
naked_famous_denim,79,33.0,85,39
naked_famous_denim,59,34.0,6,42
naked_famous_denim,69,34.0,6,44
naked_famous_denim,69,36.0,6,50
naked_famous_denim,74,28.0,9,49
naked_famous_denim,48,,9,42
naked_famous_denim,40,34.0,10,35
naked_famous_denim,100,34.0,10,31
naked_famous_denim,75,38.0,10,29
naked_famous_denim,69,30.0,11,42
naked_famous_denim,65,29.0,11,46
naked_famous_denim,125,29.0,10,40
naked_famous_denim,85,29.0,10,40
naked_famous_denim,120,29.0,10,38
naked_famous_denim,150,29.0,10,34
naked_famous_denim,50,30.0,12,5
naked_famous_denim,45,32.0,12,32
naked_famous_denim,65,32.0,12,45
naked_famous_denim,79,29.0,85,39
naked_famous_denim,60,38.0,13,44
naked_famous_denim,69,33.0,13,50
naked_famous_denim,79,32.0,249,48
naked_famous_denim,53,34.0,15,45
naked_famous_denim,65,34.0,15,46
naked_famous_denim,59,34.0,15,46
naked_famous_denim,69,36.0,15,41
naked_famous_denim,30,33.0,15,35
naked_famous_denim,88,33.0,85,48
naked_famous_denim,67,34.0,16,22
naked_famous_denim,69,33.0,17,43
naked_famous_denim,68,32.0,18,20
naked_famous_denim,20,36.0,19,50
naked_famous_denim,45,34.0,19,36
naked_famous_denim,110,31.0,19,28
naked_famous_denim,40,30.0,22,47
naked_famous_denim,36,31.0,24,48
naked_famous_denim,150,38.0,25,50
naked_famous_denim,47,33.0,25,47
naked_famous_denim,69,33.0,25,27
naked_famous_denim,90,30.0,25,25
naked_famous_denim,80,30.0,25,36
naked_famous_denim,50,32.0,26,37
naked_famous_denim,50,31.0,27,33
naked_famous_denim,50,31.0,27,40
naked_famous_denim,20,29.0,27,48
naked_famous_denim,55,28.0,27,48
naked_famous_denim,50,33.0,27,26
naked_famous_denim,75,36.0,28,22
naked_famous_denim,60,30.0,69,48
naked_famous_denim,57,32.0,45,48
naked_famous_denim,60,31.0,29,49
naked_famous_denim,40,34.0,29,50
naked_famous_denim,32,32.0,29,44
naked_famous_denim,96,31.0,29,40
naked_famous_denim,100,32.0,30,44
naked_famous_denim,40,34.0,30,46
naked_famous_denim,129,33.0,31,28
naked_famous_denim,70,30.0,33,20
naked_famous_denim,35,29.0,33,35
naked_famous_denim,40,36.0,34,44
naked_famous_denim,10,30.0,35,34
naked_famous_denim,40,31.0,34,34
naked_famous_denim,40,31.0,37,48
naked_famous_denim,57,33.0,45,48
naked_famous_denim,75,,38,26
naked_famous_denim,90,31.0,38,43
naked_famous_denim,50,33.0,38,27
naked_famous_denim,110,34.0,39,48
naked_famous_denim,65,32.0,39,47
naked_famous_denim,55,33.0,39,31
naked_famous_denim,60,30.0,40,50
naked_famous_denim,12,36.0,41,20
naked_famous_denim,40,32.0,43,39
naked_famous_denim,50,32.0,44,48
naked_famous_denim,50,33.0,44,48
naked_famous_denim,70,32.0,44,37
naked_famous_denim,57,,45,48
naked_famous_denim,110,32.0,46,22
naked_famous_denim,75,32.0,46,47
naked_famous_denim,125,38.0,46,48
naked_famous_denim,125,38.0,46,48
naked_famous_denim,125,38.0,46,48
naked_famous_denim,66,38.0,46,47
naked_famous_denim,125,38.0,46,46
naked_famous_denim,85,38.0,46,49
naked_famous_denim,110,38.0,46,48
naked_famous_denim,150,38.0,46,47
naked_famous_denim,55,30.0,47,44
naked_famous_denim,50,33.0,69,48
naked_famous_denim,45,30.0,47,45
naked_famous_denim,90,33.0,47,43
naked_famous_denim,27,31.0,48,50
naked_famous_denim,75,31.0,48,22
naked_famous_denim,47,31.0,49,50
naked_famous_denim,80,32.0,50,22
naked_famous_denim,60,28.0,50,31
naked_famous_denim,55,29.0,85,44
naked_famous_denim,65,29.0,51,48
naked_famous_denim,75,33.0,52,50
naked_famous_denim,150,29.0,52,48
naked_famous_denim,45,31.0,52,48
naked_famous_denim,30,31.0,53,49
naked_famous_denim,22,36.0,53,22
naked_famous_denim,20,29.0,53,35
naked_famous_denim,55,32.0,54,41
naked_famous_denim,100,34.0,54,44
naked_famous_denim,75,30.0,54,48
naked_famous_denim,99,32.0,54,50
naked_famous_denim,50,32.0,55,38
naked_famous_denim,35,38.0,55,37
naked_famous_denim,37,34.0,56,47
naked_famous_denim,22,32.0,58,45
naked_famous_denim,67,30.0,85,44
naked_famous_denim,100,34.0,85,48
naked_famous_denim,85,34.0,59,31
naked_famous_denim,60,33.0,60,48
naked_famous_denim,45,30.0,60,48
naked_famous_denim,20,34.0,60,47
naked_famous_denim,35,30.0,60,41
naked_famous_denim,55,31.0,85,46
naked_famous_denim,75,32.0,61,48
naked_famous_denim,30,30.0,61,50
naked_famous_denim,57,28.0,67,44
naked_famous_denim,45,29.0,62,48
naked_famous_denim,50,31.0,62,50
naked_famous_denim,25,28.0,63,46
naked_famous_denim,27,34.0,64,39
naked_famous_denim,65,33.0,64,48
naked_famous_denim,54,28.0,65,50
naked_famous_denim,50,34.0,65,32
naked_famous_denim,35,32.0,65,48
naked_famous_denim,30,29.0,65,50
naked_famous_denim,100,29.0,65,49
naked_famous_denim,100,27.0,66,22
naked_famous_denim,35,30.0,66,35
naked_famous_denim,84,31.0,69,49
naked_famous_denim,40,29.0,66,30
naked_famous_denim,35,28.0,66,46
naked_famous_denim,27,31.0,67,40
naked_famous_denim,75,30.0,67,47
naked_famous_denim,50,38.0,68,47
naked_famous_denim,40,36.0,68,50
naked_famous_denim,55,29.0,69,43
naked_famous_denim,65,,69,48
naked_famous_denim,50,30.0,69,49
naked_famous_denim,35,36.0,69,46
naked_famous_denim,55,32.0,85,50
naked_famous_denim,75,31.0,70,44
naked_famous_denim,50,29.0,71,49
naked_famous_denim,70,30.0,71,47
naked_famous_denim,80,30.0,71,47
naked_famous_denim,25,32.0,72,46
naked_famous_denim,50,31.0,72,26
naked_famous_denim,88,30.0,73,49
naked_famous_denim,125,34.0,73,45
naked_famous_denim,55,30.0,85,50
naked_famous_denim,45,34.0,74,48
naked_famous_denim,20,30.0,74,26
naked_famous_denim,50,31.0,75,41
naked_famous_denim,35,30.0,75,31
naked_famous_denim,40,32.0,75,50
naked_famous_denim,125,30.0,75,44
naked_famous_denim,70,31.0,75,20
naked_famous_denim,85,28.0,75,20
naked_famous_denim,90,31.0,75,20
naked_famous_denim,50,28.0,75,39
naked_famous_denim,49,32.0,75,47
naked_famous_denim,50,30.0,76,36
naked_famous_denim,50,32.0,77,41
naked_famous_denim,80,34.0,77,28
naked_famous_denim,35,36.0,78,39
naked_famous_denim,45,29.0,78,43
naked_famous_denim,100,,78,37
naked_famous_denim,100,,78,44
naked_famous_denim,40,34.0,78,50
naked_famous_denim,90,31.0,79,49
naked_famous_denim,40,32.0,79,46
naked_famous_denim,55,29.0,79,49
naked_famous_denim,16,30.0,79,29
naked_famous_denim,75,33.0,79,49
naked_famous_denim,70,30.0,80,29
naked_famous_denim,60,34.0,80,49
naked_famous_denim,125,30.0,80,47
naked_famous_denim,18,32.0,83,50
naked_famous_denim,55,30.0,83,30
naked_famous_denim,125,30.0,83,41
naked_famous_denim,20,32.0,84,38
naked_famous_denim,79,,85,39
naked_famous_denim,100,,85,48
naked_famous_denim,80,27.0,86,35
naked_famous_denim,50,31.0,86,35
naked_famous_denim,50,34.0,86,49
naked_famous_denim,75,29.0,87,48
naked_famous_denim,70,36.0,88,49
naked_famous_denim,53,36.0,88,50
naked_famous_denim,80,36.0,88,50
naked_famous_denim,80,36.0,88,45
naked_famous_denim,40,33.0,88,47
naked_famous_denim,140,32.0,89,22
naked_famous_denim,75,33.0,89,36
naked_famous_denim,70,31.0,89,28
naked_famous_denim,75,33.0,89,49
naked_famous_denim,100,32.0,89,40
naked_famous_denim,35,30.0,92,46
naked_famous_denim,30,34.0,90,48
naked_famous_denim,90,34.0,93,22
naked_famous_denim,65,31.0,93,39
naked_famous_denim,8,36.0,93,28
naked_famous_denim,125,,93,42
naked_famous_denim,50,31.0,94,50
naked_famous_denim,100,36.0,410,31
naked_famous_denim,65,30.0,94,44
naked_famous_denim,90,32.0,94,50
naked_famous_denim,75,33.0,94,48
naked_famous_denim,69,32.0,94,40
naked_famous_denim,110,38.0,95,48
naked_famous_denim,70,31.0,95,28
naked_famous_denim,38,29.0,95,37
naked_famous_denim,85,31.0,96,31
naked_famous_denim,36,30.0,96,48
naked_famous_denim,45,31.0,96,47
naked_famous_denim,50,34.0,96,49
naked_famous_denim,38,29.0,96,49
naked_famous_denim,109,33.0,97,42
naked_famous_denim,65,32.0,99,46
naked_famous_denim,26,38.0,100,30
naked_famous_denim,35,36.0,100,41
naked_famous_denim,30,30.0,100,50
naked_famous_denim,30,30.0,100,49
naked_famous_denim,75,30.0,102,43
naked_famous_denim,13,30.0,102,30
naked_famous_denim,35,34.0,103,45
naked_famous_denim,100,38.0,259,31
naked_famous_denim,70,33.0,105,38
naked_famous_denim,75,28.0,105,25
naked_famous_denim,50,33.0,105,50
naked_famous_denim,50,32.0,108,49
naked_famous_denim,15,32.0,108,37
naked_famous_denim,62,32.0,108,49
naked_famous_denim,90,28.0,109,22
naked_famous_denim,60,30.0,109,26
naked_famous_denim,75,32.0,109,47
naked_famous_denim,45,31.0,110,22
naked_famous_denim,100,31.0,110,37
naked_famous_denim,44,30.0,110,22
naked_famous_denim,60,30.0,110,41
naked_famous_denim,70,30.0,111,44
naked_famous_denim,54,36.0,111,45
naked_famous_denim,20,27.0,111,33
naked_famous_denim,55,42.0,113,48
naked_famous_denim,45,32.0,113,40
naked_famous_denim,44,31.0,113,47
naked_famous_denim,65,32.0,113,49
naked_famous_denim,55,29.0,113,50
naked_famous_denim,50,32.0,115,28
naked_famous_denim,70,29.0,116,45
naked_famous_denim,99,30.0,117,48
naked_famous_denim,20,,117,32
naked_famous_denim,20,,117,29
naked_famous_denim,85,31.0,118,38
naked_famous_denim,60,33.0,118,46
naked_famous_denim,50,33.0,119,38
naked_famous_denim,50,30.0,119,28
naked_famous_denim,120,42.0,119,26
naked_famous_denim,64,32.0,120,48
naked_famous_denim,74,30.0,120,44
naked_famous_denim,55,33.0,120,28
naked_famous_denim,55,28.0,120,47
naked_famous_denim,60,33.0,121,46
naked_famous_denim,44,36.0,122,47
naked_famous_denim,90,38.0,122,50
naked_famous_denim,25,28.0,123,20
naked_famous_denim,35,28.0,123,30
naked_famous_denim,120,36.0,124,28
naked_famous_denim,132,36.0,124,28
naked_famous_denim,79,29.0,125,46
naked_famous_denim,52,29.0,124,49
naked_famous_denim,52,36.0,126,30
naked_famous_denim,95,,126,48
naked_famous_denim,30,33.0,131,31
naked_famous_denim,90,30.0,127,5
naked_famous_denim,90,30.0,127,5
naked_famous_denim,55,31.0,128,42
naked_famous_denim,52,33.0,128,44
naked_famous_denim,30,32.0,134,50
naked_famous_denim,89,33.0,130,34
naked_famous_denim,45,36.0,130,48
naked_famous_denim,139,34.0,130,27
naked_famous_denim,65,29.0,131,48
naked_famous_denim,55,34.0,131,31
naked_famous_denim,20,34.0,132,35
naked_famous_denim,40,31.0,132,38
naked_famous_denim,60,28.0,134,39
naked_famous_denim,15,32.0,137,36
naked_famous_denim,29,33.0,137,38
naked_famous_denim,65,30.0,138,24
naked_famous_denim,50,33.0,138,36
naked_famous_denim,80,34.0,139,37
naked_famous_denim,90,29.0,141,48
naked_famous_denim,63,36.0,141,48
naked_famous_denim,80,34.0,142,47
naked_famous_denim,90,30.0,142,31
naked_famous_denim,25,36.0,142,45
naked_famous_denim,35,38.0,142,20
naked_famous_denim,43,30.0,143,49
naked_famous_denim,82,34.0,143,50
naked_famous_denim,199,38.0,145,48
naked_famous_denim,75,32.0,143,50
naked_famous_denim,25,38.0,143,29
naked_famous_denim,74,33.0,144,49
naked_famous_denim,90,32.0,144,24
naked_famous_denim,90,36.0,145,20
naked_famous_denim,35,31.0,145,22
naked_famous_denim,65,34.0,145,45
naked_famous_denim,40,36.0,146,44
naked_famous_denim,60,31.0,147,47
naked_famous_denim,49,,147,48
naked_famous_denim,100,33.0,147,49
naked_famous_denim,50,38.0,148,50
naked_famous_denim,93,33.0,148,39
naked_famous_denim,40,32.0,149,46
naked_famous_denim,160,32.0,156,50
naked_famous_denim,45,30.0,149,42
naked_famous_denim,50,30.0,149,38
naked_famous_denim,22,36.0,149,44
naked_famous_denim,25,36.0,149,46
naked_famous_denim,115,32.0,150,50
naked_famous_denim,100,32.0,151,41
naked_famous_denim,25,31.0,151,27
naked_famous_denim,45,32.0,151,50
naked_famous_denim,25,38.0,152,36
naked_famous_denim,20,32.0,153,49
naked_famous_denim,46,36.0,153,26
naked_famous_denim,50,36.0,153,42
naked_famous_denim,160,,156,50
naked_famous_denim,180,,156,47
naked_famous_denim,50,29.0,156,36
naked_famous_denim,45,28.0,158,42
naked_famous_denim,50,34.0,158,44
naked_famous_denim,65,32.0,159,48
naked_famous_denim,140,36.0,159,28
naked_famous_denim,48,33.0,159,26
naked_famous_denim,50,31.0,159,41
naked_famous_denim,20,33.0,160,50
naked_famous_denim,31,34.0,161,31
naked_famous_denim,55,28.0,161,28
naked_famous_denim,49,36.0,162,50
naked_famous_denim,170,28.0,164,48
naked_famous_denim,40,29.0,164,33
naked_famous_denim,20,29.0,165,22
naked_famous_denim,80,32.0,166,42
naked_famous_denim,40,36.0,167,42
naked_famous_denim,50,30.0,167,50
naked_famous_denim,35,32.0,167,43
naked_famous_denim,40,36.0,169,31
naked_famous_denim,45,33.0,169,50
naked_famous_denim,10,,170,11
naked_famous_denim,6,33.0,172,34
naked_famous_denim,80,38.0,173,50
naked_famous_denim,36,38.0,173,41
naked_famous_denim,40,34.0,173,41
naked_famous_denim,30,32.0,174,39
naked_famous_denim,30,36.0,174,22
naked_famous_denim,50,32.0,175,39
naked_famous_denim,80,34.0,176,36
naked_famous_denim,45,38.0,176,47
naked_famous_denim,30,34.0,178,49
naked_famous_denim,22,31.0,184,46
naked_famous_denim,40,30.0,177,26
naked_famous_denim,40,38.0,177,22
naked_famous_denim,25,34.0,178,40
naked_famous_denim,50,33.0,178,46
naked_famous_denim,25,32.0,178,22
naked_famous_denim,55,34.0,178,37
naked_famous_denim,70,34.0,179,48
naked_famous_denim,79,31.0,179,43
naked_famous_denim,28,33.0,179,48
naked_famous_denim,20,32.0,180,29
naked_famous_denim,35,36.0,180,26
naked_famous_denim,35,34.0,180,26
naked_famous_denim,18,30.0,180,50
naked_famous_denim,30,33.0,180,22
naked_famous_denim,20,32.0,181,50
naked_famous_denim,55,32.0,181,48
naked_famous_denim,70,34.0,181,38
naked_famous_denim,59,34.0,182,41
naked_famous_denim,28,32.0,184,33
naked_famous_denim,50,32.0,184,49
naked_famous_denim,55,28.0,185,43
naked_famous_denim,50,,186,30
naked_famous_denim,75,30.0,186,48
naked_famous_denim,45,34.0,186,50
naked_famous_denim,78,28.0,187,47
naked_famous_denim,65,30.0,188,22
naked_famous_denim,25,29.0,189,49
naked_famous_denim,30,,190,37
naked_famous_denim,27,,190,36
naked_famous_denim,30,,190,36
naked_famous_denim,30,,190,36
naked_famous_denim,47,31.0,190,47
naked_famous_denim,75,34.0,191,46
naked_famous_denim,75,32.0,191,46
naked_famous_denim,50,36.0,192,50
naked_famous_denim,35,29.0,192,49
naked_famous_denim,30,30.0,193,28
naked_famous_denim,46,31.0,194,49
naked_famous_denim,50,30.0,194,48
naked_famous_denim,50,32.0,194,39
naked_famous_denim,40,42.0,194,46
naked_famous_denim,40,31.0,194,43
naked_famous_denim,20,29.0,197,49
naked_famous_denim,38,30.0,198,38
naked_famous_denim,35,33.0,198,41
naked_famous_denim,25,34.0,199,44
naked_famous_denim,35,34.0,199,46
naked_famous_denim,10,37.0,199,46
naked_famous_denim,65,31.0,199,34
naked_famous_denim,35,31.0,199,45
naked_famous_denim,15,33.0,199,46
naked_famous_denim,60,30.0,199,50
naked_famous_denim,75,34.0,201,38
naked_famous_denim,75,31.0,202,27
naked_famous_denim,20,33.0,202,20
naked_famous_denim,56,33.0,202,42
naked_famous_denim,75,34.0,203,49
naked_famous_denim,55,29.0,203,47
naked_famous_denim,40,31.0,204,50
naked_famous_denim,50,28.0,204,49
naked_famous_denim,65,32.0,204,48
naked_famous_denim,55,32.0,205,45
naked_famous_denim,72,30.0,207,49
naked_famous_denim,30,31.0,207,42
naked_famous_denim,39,33.0,207,50
naked_famous_denim,50,34.0,208,49
naked_famous_denim,75,34.0,208,39
naked_famous_denim,85,34.0,209,28
naked_famous_denim,150,30.0,209,49
naked_famous_denim,85,31.0,212,38
naked_famous_denim,29,31.0,212,43
naked_famous_denim,50,28.0,214,49
naked_famous_denim,69,31.0,216,49
naked_famous_denim,30,29.0,215,45
naked_famous_denim,65,30.0,215,49
naked_famous_denim,29,34.0,215,37
naked_famous_denim,75,30.0,215,48
naked_famous_denim,75,30.0,216,50
naked_famous_denim,32,33.0,216,40
naked_famous_denim,58,33.0,216,43
naked_famous_denim,40,30.0,218,42
naked_famous_denim,65,30.0,218,42
naked_famous_denim,35,38.0,221,37
naked_famous_denim,73,30.0,220,49
naked_famous_denim,52,36.0,220,47
naked_famous_denim,55,33.0,222,50
naked_famous_denim,70,38.0,222,47
naked_famous_denim,50,28.0,222,21
naked_famous_denim,30,34.0,222,45
naked_famous_denim,50,38.0,223,30
naked_famous_denim,60,36.0,225,44
naked_famous_denim,70,40.0,225,33
naked_famous_denim,110,38.0,225,35
naked_famous_denim,40,33.0,227,50
naked_famous_denim,30,34.0,228,42
naked_famous_denim,75,32.0,229,50
naked_famous_denim,80,33.0,230,28
naked_famous_denim,55,32.0,230,44
naked_famous_denim,35,33.0,231,50
naked_famous_denim,20,32.0,231,20
naked_famous_denim,20,31.0,232,30
naked_famous_denim,69,28.0,233,48
naked_famous_denim,40,30.0,233,34
naked_famous_denim,75,36.0,233,50
naked_famous_denim,50,30.0,234,45
naked_famous_denim,25,33.0,236,46
naked_famous_denim,125,31.0,236,49
j_crew,25,28.0,1,22
j_crew,20,30.0,2,31
j_crew,45,33.0,2,48
j_crew,25,31.0,2,22
j_crew,25,30.0,2,31
j_crew,38,32.0,2,45
j_crew,50,,2,33
j_crew,50,30.0,2,32
j_crew,70,33.0,3,45
j_crew,50,36.0,3,22
j_crew,20,29.0,3,35
j_crew,40,32.0,3,17
j_crew,38,34.0,3,19
j_crew,17,34.0,3,32
j_crew,30,28.0,3,30
j_crew,120,33.0,3,33
j_crew,24,29.0,3,47
j_crew,15,29.0,3,45
j_crew,75,33.0,3,31
j_crew,45,34.0,3,13
j_crew,75,35.0,3,31
j_crew,75,34.0,3,31
j_crew,25,32.0,3,47
j_crew,10,31.0,3,50
j_crew,45,34.0,4,19
j_crew,29,33.0,4,47
j_crew,28,36.0,4,45
j_crew,32,30.0,4,47
j_crew,39,31.0,4,32
j_crew,69,34.0,4,7
j_crew,15,32.0,4,13
j_crew,40,32.0,4,12
j_crew,50,34.0,4,49
j_crew,60,32.0,4,50
j_crew,35,36.0,4,36
j_crew,69,32.0,4,36
j_crew,29,32.0,4,40
j_crew,30,36.0,4,34
j_crew,25,32.0,4,40
j_crew,25,33.0,4,18
j_crew,20,28.0,4,25
j_crew,40,34.0,4,32
j_crew,55,,4,46
j_crew,25,33.0,5,26
j_crew,20,31.0,5,12
j_crew,59,34.0,5,45
j_crew,25,36.0,5,40
j_crew,10,36.0,29,49
j_crew,10,36.0,29,43
j_crew,48,33.0,5,23
j_crew,40,31.0,5,44
j_crew,40,32.0,5,33
j_crew,30,34.0,5,29
j_crew,30,36.0,5,17
j_crew,10,34.0,5,24
j_crew,12,36.0,6,50
j_crew,69,,6,50
j_crew,40,33.0,6,35
j_crew,16,34.0,6,12
j_crew,30,34.0,6,44
j_crew,27,36.0,10,37
j_crew,25,32.0,6,24
j_crew,14,29.0,7,19
j_crew,14,29.0,7,20
j_crew,50,32.0,7,50
j_crew,45,30.0,7,45
j_crew,80,32.0,7,19
j_crew,30,33.0,7,28
j_crew,13,33.0,7,34
j_crew,59,32.0,7,49
j_crew,98,,7,49
j_crew,98,,7,49
j_crew,25,31.0,7,17
j_crew,20,34.0,7,17
j_crew,28,32.0,7,48
j_crew,34,34.0,8,41
j_crew,25,32.0,7,44
j_crew,22,32.0,7,49
j_crew,69,30.0,7,46
j_crew,65,30.0,7,49
j_crew,49,33.0,7,48
j_crew,27,31.0,7,48
j_crew,60,30.0,8,39
j_crew,35,,7,19
j_crew,28,33.0,7,38
j_crew,28,32.0,8,50
j_crew,27,28.0,8,31
j_crew,12,36.0,8,16
j_crew,12,36.0,8,16
j_crew,15,30.0,8,45
j_crew,15,30.0,8,47
j_crew,30,32.0,8,41
j_crew,30,32.0,8,12
j_crew,30,32.0,8,11
j_crew,12,33.0,8,38
j_crew,25,,9,5
j_crew,25,28.0,9,48
j_crew,19,,9,32
j_crew,15,31.0,9,13
j_crew,23,,9,30
j_crew,40,30.0,9,26
j_crew,25,33.0,9,22
j_crew,50,36.0,10,41
j_crew,30,,10,21
j_crew,27,36.0,10,25
j_crew,30,36.0,10,43
j_crew,30,36.0,10,25
j_crew,30,36.0,10,43
j_crew,13,29.0,10,29
j_crew,13,31.0,10,28
j_crew,40,35.0,10,27
j_crew,40,34.0,10,16
j_crew,6,34.0,11,18
j_crew,40,32.0,11,46
j_crew,25,36.0,11,24
j_crew,34,32.0,11,47
j_crew,10,33.0,222,18
j_crew,80,32.0,12,50
j_crew,12,36.0,12,22
j_crew,25,33.0,12,25
j_crew,20,34.0,12,26
j_crew,20,34.0,12,26
j_crew,20,34.0,12,17
j_crew,10,30.0,12,26
j_crew,20,34.0,12,17
j_crew,32,36.0,12,29
j_crew,10,36.0,29,43
j_crew,30,32.0,12,23
j_crew,25,34.0,12,45
j_crew,30,33.0,12,36
j_crew,25,34.0,12,43
j_crew,10,34.0,12,43
j_crew,60,32.0,12,40
j_crew,38,30.0,12,40
j_crew,39,30.0,12,35
j_crew,30,,12,30
j_crew,50,35.0,13,22
j_crew,44,34.0,13,32
j_crew,20,34.0,13,39
j_crew,49,30.0,13,44
j_crew,13,31.0,13,35
j_crew,15,31.0,13,36
j_crew,23,33.0,13,27
j_crew,13,34.0,13,24
j_crew,30,36.0,13,31
j_crew,55,34.0,13,19
j_crew,43,31.0,13,28
j_crew,55,,14,32
j_crew,70,30.0,14,50
j_crew,33,34.0,14,39
j_crew,58,32.0,14,50
j_crew,25,30.0,14,38
j_crew,30,34.0,14,36
j_crew,25,33.0,14,27
j_crew,30,32.0,14,12
j_crew,55,,14,50
j_crew,28,33.0,14,34
j_crew,35,36.0,14,29
j_crew,40,34.0,15,44
j_crew,60,34.0,15,46
j_crew,32,33.0,15,42
j_crew,80,36.0,22,50
j_crew,20,33.0,15,33
j_crew,50,32.0,15,11
j_crew,50,31.0,15,11
j_crew,50,31.0,15,23
j_crew,15,34.0,15,28
j_crew,25,33.0,15,27
j_crew,25,32.0,15,39
j_crew,25,31.0,15,46
j_crew,30,29.0,15,23
j_crew,15,32.0,16,23
j_crew,35,30.0,16,32
j_crew,33,31.0,16,45
j_crew,8,34.0,16,36
j_crew,33,,16,19
j_crew,20,,16,18
j_crew,26,33.0,16,24
j_crew,16,36.0,16,21
j_crew,26,33.0,16,30
j_crew,59,31.0,16,30
j_crew,50,,16,18
j_crew,60,36.0,16,18
j_crew,25,32.0,17,34
j_crew,50,28.0,17,50
j_crew,30,,17,28
j_crew,34,30.0,17,43
j_crew,54,31.0,17,47
j_crew,60,32.0,17,47
j_crew,35,32.0,17,28
j_crew,48,35.0,17,45
j_crew,30,32.0,17,27
j_crew,10,34.0,17,43
j_crew,30,30.0,17,36
j_crew,14,31.0,17,17
j_crew,70,31.0,17,46
j_crew,39,32.0,18,41
j_crew,25,32.0,18,16
j_crew,28,32.0,18,43
j_crew,28,32.0,18,42
j_crew,45,34.0,18,18
j_crew,20,,18,36
j_crew,15,32.0,18,11
j_crew,45,35.0,18,22
j_crew,14,33.0,18,31
j_crew,30,32.0,18,48
j_crew,25,32.0,18,28
j_crew,25,36.0,18,33
j_crew,23,36.0,18,38
j_crew,15,36.0,80,39
j_crew,30,31.0,18,36
j_crew,25,34.0,19,31
j_crew,25,33.0,19,12
j_crew,40,32.0,19,23
j_crew,34,,19,24
j_crew,45,,19,32
j_crew,30,38.0,20,12
j_crew,12,32.0,19,36
j_crew,50,38.0,19,18
j_crew,25,34.0,19,20
j_crew,25,31.0,19,49
j_crew,28,34.0,20,13
j_crew,15,36.0,20,30
j_crew,15,34.0,20,30
j_crew,46,30.0,20,42
j_crew,28,35.0,20,32
j_crew,10,32.0,20,11
j_crew,30,33.0,20,42
j_crew,30,31.0,20,29
j_crew,28,30.0,20,43
j_crew,40,31.0,20,24
j_crew,36,31.0,20,47
j_crew,13,30.0,20,32
j_crew,15,31.0,20,29
j_crew,28,33.0,20,28
j_crew,17,32.0,21,22
j_crew,49,30.0,21,45
j_crew,8,34.0,21,13
j_crew,20,33.0,57,46
j_crew,45,30.0,21,23
j_crew,50,33.0,21,25
j_crew,12,34.0,21,21
j_crew,25,34.0,21,47
j_crew,19,38.0,21,13
j_crew,25,34.0,21,47
j_crew,16,33.0,21,27
j_crew,50,32.0,22,45
j_crew,25,34.0,22,34
j_crew,35,33.0,22,18
j_crew,15,34.0,22,30
j_crew,24,36.0,80,39
j_crew,20,,23,19
j_crew,15,,23,24
j_crew,15,33.0,23,41
j_crew,30,,23,34
j_crew,20,32.0,23,12
j_crew,25,33.0,23,47
j_crew,10,32.0,23,45
j_crew,30,34.0,23,48
j_crew,10,32.0,23,35
j_crew,26,32.0,23,39
j_crew,34,33.0,24,50
j_crew,25,34.0,24,28
j_crew,25,34.0,24,28
j_crew,25,34.0,24,28
j_crew,18,34.0,24,39
j_crew,35,32.0,24,32
j_crew,15,36.0,24,49
j_crew,20,31.0,24,28
j_crew,20,31.0,24,50
j_crew,25,35.0,25,48
j_crew,25,34.0,25,19
j_crew,35,31.0,25,50
j_crew,21,32.0,25,28
j_crew,20,32.0,25,28
j_crew,50,33.0,25,50
j_crew,34,29.0,25,34
j_crew,31,34.0,26,48
j_crew,63,33.0,26,46
j_crew,25,33.0,26,47
j_crew,20,32.0,26,47
j_crew,45,28.0,26,30
j_crew,10,34.0,26,26
j_crew,22,34.0,26,27
j_crew,10,33.0,26,12
j_crew,10,33.0,26,17
j_crew,18,,26,25
j_crew,18,29.0,26,22
j_crew,35,35.0,26,18
j_crew,20,33.0,26,18
j_crew,28,30.0,28,43
j_crew,30,34.0,26,17
j_crew,25,33.0,26,19
j_crew,20,32.0,26,5
j_crew,20,32.0,26,5
j_crew,25,32.0,26,26
j_crew,12,31.0,60,49
j_crew,17,36.0,27,28
j_crew,35,32.0,27,45
j_crew,20,30.0,27,12
j_crew,25,30.0,27,40
j_crew,28,28.0,27,46
j_crew,40,33.0,28,43
j_crew,28,29.0,27,45
j_crew,15,31.0,27,19
j_crew,32,36.0,28,41
j_crew,30,29.0,28,47
j_crew,20,36.0,28,18
j_crew,25,30.0,28,39
j_crew,13,34.0,28,23
j_crew,13,34.0,28,34
j_crew,29,34.0,28,23
j_crew,15,31.0,28,17
j_crew,15,32.0,28,41
j_crew,35,34.0,28,22
j_crew,40,32.0,28,27
j_crew,22,32.0,29,47
j_crew,30,32.0,93,37
j_crew,20,32.0,29,13
j_crew,12,32.0,29,38
j_crew,55,30.0,29,32
j_crew,12,31.0,29,34
j_crew,10,,29,43
j_crew,10,,29,49
j_crew,10,36.0,29,41
j_crew,10,36.0,29,47
j_crew,40,30.0,29,42
j_crew,10,34.0,30,37
j_crew,12,34.0,30,39
j_crew,25,35.0,30,22
j_crew,20,34.0,30,17
j_crew,60,32.0,30,44
j_crew,70,,30,49
j_crew,55,,30,21
j_crew,25,32.0,30,39
j_crew,30,32.0,30,48
j_crew,15,31.0,30,49
j_crew,33,32.0,30,41
j_crew,25,30.0,30,31
j_crew,23,32.0,31,48
j_crew,40,34.0,31,24
j_crew,35,33.0,31,41
j_crew,17,35.0,31,20
j_crew,14,31.0,31,40
j_crew,40,31.0,31,29
j_crew,40,30.0,31,36
j_crew,18,31.0,31,35
j_crew,25,36.0,31,18
j_crew,35,31.0,32,26
j_crew,28,33.0,32,30
j_crew,25,33.0,32,10
j_crew,22,33.0,32,21
j_crew,15,30.0,32,34
j_crew,15,30.0,32,34
j_crew,25,30.0,32,36
j_crew,20,36.0,32,32
j_crew,20,36.0,32,30
j_crew,35,36.0,32,30
j_crew,84,32.0,32,48
j_crew,30,30.0,32,18
j_crew,45,34.0,32,22
j_crew,20,30.0,32,17
j_crew,20,30.0,32,23
j_crew,20,,32,23
j_crew,22,30.0,33,29
j_crew,19,33.0,33,35
j_crew,20,31.0,33,18
j_crew,28,33.0,33,50
j_crew,28,,33,26
j_crew,8,30.0,33,36
j_crew,12,30.0,33,49
j_crew,16,,33,26
j_crew,59,33.0,33,28
j_crew,45,34.0,33,27
j_crew,19,32.0,33,16
j_crew,30,,33,22
j_crew,20,34.0,33,24
j_crew,19,32.0,34,42
j_crew,19,32.0,34,37
j_crew,19,32.0,34,37
j_crew,19,32.0,34,42
j_crew,10,33.0,34,48
j_crew,34,30.0,34,50
j_crew,35,36.0,34,41
j_crew,25,33.0,34,25
j_crew,25,32.0,34,47
j_crew,25,32.0,34,47
j_crew,24,32.0,34,18
j_crew,30,32.0,34,23
j_crew,30,32.0,34,23
j_crew,32,30.0,34,19
j_crew,28,32.0,34,34
j_crew,29,29.0,34,46
j_crew,25,31.0,34,39
j_crew,26,38.0,34,42
j_crew,30,33.0,34,12
j_crew,67,29.0,35,49
j_crew,20,30.0,35,22
j_crew,27,33.0,35,33
j_crew,29,34.0,35,50
j_crew,35,31.0,35,48
j_crew,45,38.0,36,31
j_crew,45,38.0,36,36
j_crew,45,38.0,36,49
j_crew,30,36.0,36,18
j_crew,29,33.0,36,31
j_crew,13,32.0,36,41
j_crew,10,32.0,36,46
j_crew,10,30.0,36,46
j_crew,13,30.0,36,39
j_crew,18,34.0,36,48
j_crew,40,30.0,36,49
j_crew,30,34.0,37,36
j_crew,35,32.0,37,48
j_crew,15,31.0,37,24
j_crew,35,32.0,37,47
j_crew,13,31.0,37,31
j_crew,30,34.0,37,44
j_crew,20,33.0,37,33
j_crew,25,,37,30
j_crew,40,29.0,37,18
j_crew,25,,37,22
j_crew,30,,38,26
j_crew,18,30.0,38,26
j_crew,6,30.0,38,32
j_crew,18,30.0,38,47
j_crew,36,31.0,38,47
j_crew,20,36.0,38,22
j_crew,40,31.0,38,44
j_crew,25,34.0,38,39
j_crew,70,,39,49
j_crew,60,30.0,39,28
j_crew,35,36.0,39,50
j_crew,30,35.0,39,49
j_crew,45,31.0,39,9
j_crew,30,32.0,39,22
j_crew,32,29.0,39,24
j_crew,40,31.0,41,44
j_crew,30,34.0,40,42
j_crew,25,,40,41
j_crew,11,34.0,40,33
j_crew,20,32.0,40,29
j_crew,25,31.0,40,17
j_crew,32,32.0,40,11
j_crew,24,,40,50
j_crew,50,36.0,40,12
j_crew,28,32.0,40,27
j_crew,25,31.0,40,48
j_crew,30,30.0,40,50
j_crew,36,29.0,41,17
j_crew,24,35.0,41,49
j_crew,15,34.0,41,28
j_crew,35,32.0,41,33
j_crew,35,32.0,41,33
j_crew,10,31.0,41,20
j_crew,18,32.0,41,36
j_crew,35,32.0,41,36
j_crew,22,33.0,41,17
j_crew,90,31.0,42,49
j_crew,25,30.0,42,47
j_crew,70,34.0,42,30
j_crew,16,34.0,42,42
j_crew,22,36.0,42,34
j_crew,44,31.0,42,50
j_crew,9,29.0,42,47
j_crew,5,34.0,42,37
j_crew,35,32.0,42,42
j_crew,19,,43,13
j_crew,21,30.0,43,43
j_crew,35,30.0,43,32
j_crew,30,32.0,43,46
j_crew,30,33.0,43,45
j_crew,45,38.0,44,46
j_crew,12,,43,18
j_crew,32,35.0,44,50
j_crew,30,30.0,44,47
j_crew,35,33.0,44,50
j_crew,30,30.0,44,20
j_crew,30,34.0,44,25
j_crew,20,36.0,44,30
lucky_brand,30,38.0,1,47
lucky_brand,20,29.0,1,41
lucky_brand,30,33.0,1,16
lucky_brand,20,36.0,1,22
lucky_brand,55,34.0,1,23
lucky_brand,30,33.0,1,16
lucky_brand,25,36.0,1,23
lucky_brand,25,,1,38
lucky_brand,28,33.0,1,49
lucky_brand,50,40.0,1,47
lucky_brand,28,29.0,1,43
lucky_brand,49,36.0,1,50
lucky_brand,20,34.0,1,17
lucky_brand,45,40.0,1,46
lucky_brand,40,,1,50
lucky_brand,15,34.0,20,44
lucky_brand,28,33.0,1,45
lucky_brand,25,38.0,1,29
lucky_brand,35,34.0,2,39
lucky_brand,33,34.0,2,40
lucky_brand,20,32.0,2,37
lucky_brand,29,36.0,2,50
lucky_brand,35,32.0,2,38
lucky_brand,40,30.0,2,42
lucky_brand,45,30.0,2,42
lucky_brand,45,29.0,2,40
lucky_brand,30,,2,24
lucky_brand,18,,2,23
lucky_brand,50,32.0,2,35
lucky_brand,12,31.0,2,17
lucky_brand,30,32.0,2,23
lucky_brand,48,38.0,2,49
lucky_brand,85,36.0,2,26
lucky_brand,18,32.0,2,46
lucky_brand,20,38.0,2,17
lucky_brand,25,28.0,2,17
lucky_brand,25,28.0,2,17
lucky_brand,25,28.0,2,23
lucky_brand,20,34.0,2,20
lucky_brand,20,33.0,2,20
lucky_brand,45,33.0,2,21
lucky_brand,35,34.0,2,17
lucky_brand,39,36.0,2,19
lucky_brand,15,32.0,2,28
lucky_brand,45,38.0,2,50
lucky_brand,25,32.0,2,29
lucky_brand,25,34.0,2,33
lucky_brand,25,34.0,2,33
lucky_brand,22,36.0,2,35
lucky_brand,25,32.0,2,39
lucky_brand,25,30.0,2,17
lucky_brand,32,30.0,2,18
lucky_brand,30,30.0,2,39
lucky_brand,25,33.0,2,28
lucky_brand,15,,2,33
lucky_brand,15,33.0,2,27
lucky_brand,30,36.0,2,34
lucky_brand,30,38.0,2,34
lucky_brand,35,31.0,2,36
lucky_brand,20,40.0,2,17
lucky_brand,20,40.0,2,23
lucky_brand,30,32.0,2,45
lucky_brand,20,40.0,2,23
lucky_brand,20,40.0,2,23
lucky_brand,20,40.0,2,23
lucky_brand,20,38.0,2,23
lucky_brand,20,38.0,2,23
lucky_brand,45,38.0,2,47
lucky_brand,35,38.0,2,11
lucky_brand,70,29.0,2,41
lucky_brand,25,32.0,2,11
lucky_brand,70,29.0,2,49
lucky_brand,39,34.0,2,17
lucky_brand,35,38.0,2,27
lucky_brand,35,38.0,2,27
lucky_brand,15,,2,17
lucky_brand,25,34.0,2,17
lucky_brand,10,36.0,225,44
lucky_brand,39,38.0,3,33
lucky_brand,39,38.0,3,40
lucky_brand,39,38.0,3,39
lucky_brand,39,38.0,3,42
lucky_brand,39,38.0,3,41
lucky_brand,15,32.0,3,49
lucky_brand,30,30.0,3,34
lucky_brand,35,32.0,3,17
lucky_brand,19,34.0,3,34
lucky_brand,42,32.0,3,48
lucky_brand,25,36.0,3,32
lucky_brand,25,34.0,3,23
lucky_brand,40,34.0,3,44
lucky_brand,20,34.0,3,45
lucky_brand,35,33.0,3,28
lucky_brand,39,31.0,3,45
lucky_brand,29,33.0,3,39
lucky_brand,30,38.0,3,47
lucky_brand,30,38.0,3,47
lucky_brand,35,38.0,3,47
lucky_brand,32,34.0,3,48
lucky_brand,35,34.0,3,46
lucky_brand,35,36.0,3,47
lucky_brand,35,36.0,3,49
lucky_brand,18,36.0,3,11
lucky_brand,35,40.0,3,47
lucky_brand,35,38.0,3,47
lucky_brand,40,33.0,3,39
lucky_brand,35,36.0,3,47
lucky_brand,35,35.0,3,50
lucky_brand,25,34.0,3,17
lucky_brand,26,,3,48
lucky_brand,25,32.0,3,17
lucky_brand,35,34.0,3,47
lucky_brand,50,30.0,3,50
lucky_brand,75,32.0,3,27
lucky_brand,85,32.0,3,27
lucky_brand,18,36.0,3,29
lucky_brand,18,34.0,3,30
lucky_brand,7,36.0,3,31
lucky_brand,7,34.0,3,39
lucky_brand,20,40.0,3,25
lucky_brand,38,38.0,3,26
lucky_brand,50,33.0,3,29
lucky_brand,20,32.0,3,22
lucky_brand,50,31.0,3,17
lucky_brand,25,36.0,3,17
lucky_brand,26,32.0,3,38
lucky_brand,22,34.0,3,32
lucky_brand,35,34.0,3,46
lucky_brand,35,36.0,3,47
lucky_brand,35,36.0,3,47
lucky_brand,35,40.0,3,43
lucky_brand,35,34.0,3,47
lucky_brand,35,36.0,3,47
lucky_brand,35,36.0,3,47
lucky_brand,54,36.0,3,47
lucky_brand,35,34.0,3,47
lucky_brand,35,32.0,3,47
lucky_brand,20,38.0,3,17
lucky_brand,35,36.0,3,40
lucky_brand,32,38.0,3,47
lucky_brand,18,38.0,3,17
lucky_brand,35,33.0,3,47
lucky_brand,15,36.0,3,20
lucky_brand,20,36.0,3,19
lucky_brand,15,38.0,3,45
lucky_brand,35,,3,17
lucky_brand,23,32.0,4,49
lucky_brand,20,32.0,3,47
lucky_brand,35,,3,32
lucky_brand,60,30.0,3,11
lucky_brand,35,38.0,3,46
lucky_brand,25,34.0,3,46
lucky_brand,20,36.0,11,32
lucky_brand,35,36.0,3,46
lucky_brand,30,30.0,3,46
lucky_brand,35,36.0,3,46
lucky_brand,40,40.0,3,23
lucky_brand,40,40.0,3,23
lucky_brand,25,34.0,4,45
lucky_brand,20,36.0,4,21
lucky_brand,29,32.0,4,47
lucky_brand,29,32.0,4,46
lucky_brand,39,32.0,4,47
lucky_brand,25,34.0,4,39
lucky_brand,32,36.0,4,38
lucky_brand,20,34.0,4,45
lucky_brand,40,34.0,4,44
lucky_brand,25,34.0,4,37
lucky_brand,20,34.0,4,33
lucky_brand,30,28.0,4,46
lucky_brand,20,34.0,4,33
lucky_brand,25,30.0,4,41
lucky_brand,40,32.0,4,31
lucky_brand,49,32.0,4,25
lucky_brand,60,31.0,4,46
lucky_brand,27,34.0,4,17
lucky_brand,45,30.0,4,44
lucky_brand,25,36.0,4,41
lucky_brand,20,32.0,4,22
lucky_brand,12,31.0,4,17
lucky_brand,35,38.0,4,42
lucky_brand,29,33.0,4,30
lucky_brand,30,31.0,4,17
lucky_brand,27,36.0,4,49
lucky_brand,40,33.0,4,46
lucky_brand,10,34.0,4,42
lucky_brand,20,34.0,4,17
lucky_brand,39,32.0,4,45
lucky_brand,30,34.0,4,42
lucky_brand,75,34.0,4,28
lucky_brand,40,36.0,4,47
lucky_brand,30,38.0,4,42
lucky_brand,24,38.0,4,23
lucky_brand,60,31.0,4,40
lucky_brand,60,31.0,4,41
lucky_brand,29,36.0,4,48
lucky_brand,18,32.0,107,46
lucky_brand,25,34.0,4,47
lucky_brand,24,,4,45
lucky_brand,40,,4,47
lucky_brand,20,38.0,4,41
lucky_brand,40,34.0,4,47
lucky_brand,40,32.0,4,47
lucky_brand,54,32.0,5,46
lucky_brand,30,32.0,5,17
lucky_brand,11,36.0,5,5
lucky_brand,25,30.0,5,38
lucky_brand,25,38.0,270,50
lucky_brand,25,38.0,270,50
lucky_brand,60,36.0,5,49
lucky_brand,30,40.0,5,49
lucky_brand,55,33.0,5,37
lucky_brand,70,34.0,5,17
lucky_brand,25,36.0,5,49
lucky_brand,34,36.0,5,49
lucky_brand,9,34.0,5,11
lucky_brand,50,32.0,5,23
lucky_brand,59,,5,45
lucky_brand,49,,5,23
lucky_brand,10,38.0,5,50
lucky_brand,10,31.0,5,23
lucky_brand,60,36.0,5,19
lucky_brand,20,38.0,5,41
lucky_brand,20,38.0,5,31
lucky_brand,25,34.0,5,46
lucky_brand,18,36.0,5,46
lucky_brand,25,38.0,5,23
lucky_brand,20,31.0,5,17
lucky_brand,15,34.0,5,25
lucky_brand,40,34.0,5,38
lucky_brand,20,34.0,5,29
lucky_brand,35,34.0,5,45
lucky_brand,20,33.0,9,48
lucky_brand,40,38.0,5,23
lucky_brand,35,38.0,5,23
lucky_brand,35,34.0,5,36
lucky_brand,25,32.0,5,22
lucky_brand,25,30.0,5,17
lucky_brand,30,38.0,5,36
lucky_brand,25,,5,23
lucky_brand,25,,5,45
lucky_brand,12,38.0,5,47
lucky_brand,40,34.0,5,50
lucky_brand,29,36.0,5,50
lucky_brand,25,32.0,5,21
lucky_brand,45,40.0,5,50
lucky_brand,30,32.0,5,38
lucky_brand,20,29.0,5,40
lucky_brand,30,32.0,5,29
lucky_brand,40,34.0,5,23
lucky_brand,30,36.0,5,41
lucky_brand,30,40.0,5,34
lucky_brand,30,40.0,6,34
lucky_brand,30,40.0,6,22
lucky_brand,65,36.0,6,48
lucky_brand,50,34.0,6,47
lucky_brand,30,40.0,6,50
lucky_brand,50,30.0,6,17
lucky_brand,25,36.0,6,50
lucky_brand,16,31.0,6,23
lucky_brand,25,38.0,6,48
lucky_brand,40,34.0,6,50
lucky_brand,16,33.0,6,35
lucky_brand,13,38.0,6,11
lucky_brand,40,34.0,6,28
lucky_brand,20,38.0,6,49
lucky_brand,33,38.0,6,47
lucky_brand,12,34.0,6,17
lucky_brand,22,33.0,6,17
lucky_brand,35,29.0,6,36
lucky_brand,25,32.0,6,15
lucky_brand,23,32.0,6,22
lucky_brand,20,32.0,6,17
lucky_brand,20,34.0,6,22
lucky_brand,37,32.0,7,44
lucky_brand,25,32.0,6,49
lucky_brand,30,32.0,6,49
lucky_brand,20,32.0,6,40
lucky_brand,20,30.0,6,23
lucky_brand,15,33.0,6,42
lucky_brand,45,40.0,6,17
lucky_brand,32,32.0,6,34
lucky_brand,55,40.0,6,18
lucky_brand,38,42.0,6,18
lucky_brand,40,36.0,6,29
lucky_brand,25,32.0,6,23
lucky_brand,22,38.0,6,23
lucky_brand,25,33.0,6,42
lucky_brand,42,30.0,6,38
lucky_brand,35,34.0,9,45
lucky_brand,50,36.0,6,48
lucky_brand,21,29.0,6,45
lucky_brand,25,40.0,6,41
lucky_brand,34,32.0,12,49
lucky_brand,20,,7,38
lucky_brand,15,,7,49
lucky_brand,22,38.0,7,47
lucky_brand,15,32.0,7,49
lucky_brand,20,,7,38
lucky_brand,13,32.0,7,49
lucky_brand,14,32.0,7,50
lucky_brand,20,36.0,7,40
lucky_brand,18,34.0,7,47
lucky_brand,30,36.0,7,48
lucky_brand,29,34.0,7,49
lucky_brand,32,34.0,7,29
lucky_brand,40,34.0,7,38
lucky_brand,32,34.0,7,18
lucky_brand,44,34.0,7,40
lucky_brand,20,38.0,7,29
lucky_brand,38,32.0,7,48
lucky_brand,50,,7,5
lucky_brand,38,38.0,7,47
lucky_brand,18,34.0,7,42
lucky_brand,25,30.0,7,38
lucky_brand,30,40.0,7,5
lucky_brand,20,32.0,7,22
lucky_brand,14,38.0,7,17
lucky_brand,22,34.0,7,38
lucky_brand,30,36.0,7,44
lucky_brand,30,38.0,7,47
lucky_brand,30,38.0,7,50
lucky_brand,35,,7,34
lucky_brand,27,33.0,7,38
lucky_brand,35,,7,44
lucky_brand,36,,7,42
lucky_brand,24,34.0,7,50
lucky_brand,25,33.0,7,48
lucky_brand,45,31.0,7,17
lucky_brand,28,30.0,7,49
lucky_brand,20,36.0,7,27
lucky_brand,40,36.0,7,32
lucky_brand,13,34.0,7,20
lucky_brand,20,33.0,7,21
lucky_brand,35,36.0,7,15
lucky_brand,35,33.0,7,48
lucky_brand,45,32.0,7,47
lucky_brand,25,34.0,7,30
lucky_brand,50,,7,11
lucky_brand,40,44.0,7,42
lucky_brand,19,34.0,7,50
lucky_brand,25,36.0,7,35
lucky_brand,40,38.0,7,11
lucky_brand,29,36.0,7,50
lucky_brand,15,32.0,7,17
lucky_brand,40,30.0,7,48
lucky_brand,40,32.0,7,49
lucky_brand,25,36.0,7,45
lucky_brand,40,30.0,7,48
lucky_brand,20,34.0,7,25
lucky_brand,30,40.0,7,48
lucky_brand,28,28.0,7,50
lucky_brand,40,34.0,7,42
lucky_brand,40,34.0,7,29
lucky_brand,28,34.0,7,16
lucky_brand,25,32.0,7,23
lucky_brand,150,32.0,269,43
lucky_brand,35,33.0,12,50
lucky_brand,15,34.0,72,34
lucky_brand,25,,8,13
lucky_brand,21,32.0,8,50
lucky_brand,29,32.0,9,49
lucky_brand,15,36.0,8,28
lucky_brand,40,32.0,8,23
lucky_brand,28,34.0,8,47
lucky_brand,27,36.0,14,41
lucky_brand,25,29.0,8,17
lucky_brand,29,31.0,8,28
lucky_brand,25,40.0,8,39
lucky_brand,45,40.0,8,40
lucky_brand,50,32.0,8,33
lucky_brand,50,33.0,8,34
lucky_brand,35,38.0,8,49
lucky_brand,55,32.0,8,23
lucky_brand,100,34.0,8,49
lucky_brand,59,32.0,8,44
lucky_brand,40,34.0,8,49
lucky_brand,35,31.0,8,47
lucky_brand,59,,8,42
lucky_brand,69,,8,49
lucky_brand,18,32.0,8,34
lucky_brand,49,,8,49
lucky_brand,30,33.0,8,35
lucky_brand,45,31.0,8,44
lucky_brand,10,31.0,8,17
lucky_brand,22,32.0,8,49
lucky_brand,20,36.0,8,28
lucky_brand,75,30.0,8,38
lucky_brand,75,30.0,8,44
lucky_brand,19,32.0,8,40
lucky_brand,45,30.0,8,46
lucky_brand,20,34.0,8,17
lucky_brand,50,32.0,8,36
lucky_brand,16,34.0,8,11
lucky_brand,20,34.0,8,17
lucky_brand,18,36.0,8,29
lucky_brand,10,34.0,8,25
lucky_brand,40,33.0,8,38
lucky_brand,50,32.0,8,32
lucky_brand,50,36.0,8,33
lucky_brand,20,42.0,8,49
lucky_brand,35,29.0,8,46
lucky_brand,35,36.0,8,45
lucky_brand,25,34.0,8,46
lucky_brand,35,40.0,8,46
lucky_brand,35,38.0,8,48
lucky_brand,35,40.0,8,46
lucky_brand,35,36.0,8,45
lucky_brand,35,34.0,8,46
lucky_brand,35,40.0,8,46
lucky_brand,35,36.0,8,46
lucky_brand,35,40.0,8,46
lucky_brand,35,42.0,8,46
lucky_brand,30,,9,37
lucky_brand,125,34.0,9,42
lucky_brand,18,,9,11
lucky_brand,35,32.0,9,29
lucky_brand,25,42.0,9,25
lucky_brand,45,32.0,9,17
lucky_brand,35,31.0,9,25
lucky_brand,32,33.0,9,41
lucky_brand,32,33.0,9,43
lucky_brand,20,32.0,9,25
lucky_brand,30,32.0,9,32
lucky_brand,60,36.0,9,48
lucky_brand,20,30.0,9,25
lucky_brand,30,30.0,9,28
lucky_brand,30,30.0,9,29
lucky_brand,20,31.0,9,23
lucky_brand,45,32.0,9,38
lucky_brand,27,38.0,9,26
lucky_brand,20,29.0,9,48
lucky_brand,35,34.0,9,39
lucky_brand,45,38.0,9,48
lucky_brand,35,38.0,9,46
lucky_brand,13,36.0,9,30
lucky_brand,24,34.0,9,28
lucky_brand,40,32.0,9,44
lucky_brand,30,,9,23
lucky_brand,23,34.0,9,36
lucky_brand,80,34.0,9,23
lucky_brand,50,36.0,9,49
lucky_brand,45,33.0,9,23
lucky_brand,20,31.0,9,17
lucky_brand,25,31.0,9,21
lucky_brand,20,34.0,9,17
lucky_brand,36,42.0,258,34
lucky_brand,18,,9,23
lucky_brand,18,36.0,9,22
lucky_brand,71,34.0,433,46
lucky_brand,28,31.0,9,41
lucky_brand,27,29.0,9,47
lucky_brand,55,32.0,9,49
lucky_brand,55,33.0,9,45
lucky_brand,20,32.0,9,50
lucky_brand,12,36.0,93,43
lucky_brand,60,33.0,9,50
lucky_brand,20,42.0,9,15
lucky_brand,25,42.0,9,11
lucky_brand,25,42.0,9,15
lucky_brand,45,36.0,10,35
lucky_brand,20,38.0,10,40
lucky_brand,15,36.0,10,34
lucky_brand,32,44.0,10,50
lucky_brand,12,36.0,10,40
lucky_brand,12,36.0,10,40
lucky_brand,15,32.0,10,41
lucky_brand,20,33.0,10,41
lucky_brand,12,36.0,10,36
lucky_brand,25,30.0,10,31
lucky_brand,20,36.0,10,25
lucky_brand,30,32.0,10,49
lucky_brand,58,36.0,10,28
lucky_brand,22,28.0,10,11
lucky_brand,40,36.0,10,45
lucky_brand,20,36.0,10,32
lucky_brand,30,31.0,10,35
lucky_brand,39,36.0,84,50
lucky_brand,25,38.0,10,26
lucky_brand,25,30.0,10,45
levi_s,18,,1,39
levi_s,23,31.0,1,16
levi_s,29,33.0,1,25
levi_s,10,,1,18
levi_s,20,34.0,1,10
levi_s,48,38.0,1,44
levi_s,18,36.0,1,22
levi_s,8,,1,12
levi_s,20,34.0,1,50
levi_s,8,,1,12
levi_s,39,,1,34
levi_s,8,,1,12
levi_s,18,34.0,1,22
levi_s,32,,1,38
levi_s,28,36.0,1,33
levi_s,45,30.0,1,16
levi_s,29,30.0,1,29
levi_s,28,34.0,1,46
levi_s,35,30.0,1,30
levi_s,20,36.0,1,16
levi_s,25,,1,21
levi_s,29,30.0,1,33
levi_s,10,34.0,1,21
levi_s,15,36.0,1,10
levi_s,13,29.0,1,12
levi_s,15,36.0,1,12
levi_s,28,28.0,1,35
levi_s,20,38.0,1,46
levi_s,13,38.0,1,12
levi_s,20,32.0,1,16
levi_s,35,36.0,1,16
levi_s,20,34.0,1,20
levi_s,25,36.0,1,34
levi_s,30,33.0,141,48
levi_s,18,34.0,1,26
levi_s,30,29.0,1,46
levi_s,150,29.0,1,48
levi_s,30,30.0,1,24
levi_s,15,30.0,1,12
levi_s,30,29.0,1,35
levi_s,30,32.0,1,10
levi_s,20,30.0,1,43
levi_s,20,30.0,1,44
levi_s,35,32.0,509,48
levi_s,40,36.0,1,18
levi_s,48,34.0,1,16
levi_s,25,30.0,1,39
levi_s,25,34.0,1,33
levi_s,25,34.0,1,33
levi_s,32,34.0,3,49
levi_s,18,34.0,1,37
levi_s,15,30.0,1,20
levi_s,30,30.0,2,48
levi_s,28,31.0,2,28
levi_s,20,33.0,1,30
levi_s,25,30.0,1,45
levi_s,25,30.0,1,22
levi_s,35,38.0,1,50
levi_s,20,33.0,1,39
levi_s,20,33.0,1,34
levi_s,50,38.0,1,16
levi_s,20,33.0,1,39
levi_s,25,36.0,1,22
levi_s,30,30.0,1,40
levi_s,40,38.0,1,48
levi_s,18,33.0,1,45
levi_s,38,38.0,1,44
levi_s,45,36.0,1,47
levi_s,25,,1,14
levi_s,40,44.0,1,44
levi_s,40,38.0,1,46
levi_s,30,40.0,1,47
levi_s,30,36.0,1,47
levi_s,29,38.0,1,37
levi_s,29,40.0,1,37
levi_s,40,36.0,1,46
levi_s,40,32.0,1,19
levi_s,40,32.0,1,16
levi_s,29,44.0,1,36
levi_s,35,30.0,1,35
levi_s,15,33.0,1,24
levi_s,11,34.0,1,10
levi_s,20,33.0,1,12
levi_s,25,29.0,1,46
levi_s,25,33.0,1,35
levi_s,15,38.0,1,39
levi_s,15,38.0,1,16
levi_s,18,34.0,1,21
levi_s,18,32.0,1,20
levi_s,20,32.0,1,45
levi_s,21,29.0,1,10
levi_s,29,32.0,1,28
levi_s,45,29.0,1,45
levi_s,20,34.0,1,22
levi_s,10,31.0,1,35
levi_s,10,33.0,1,31
levi_s,30,34.0,1,28
levi_s,20,31.0,1,36
levi_s,20,32.0,1,35
levi_s,40,34.0,1,44
levi_s,25,33.0,1,49
levi_s,25,33.0,1,49
levi_s,25,32.0,1,22
levi_s,32,30.0,1,50
levi_s,36,30.0,1,50
levi_s,175,42.0,1,49
levi_s,25,34.0,1,49
levi_s,35,32.0,1,34
levi_s,15,34.0,1,21
levi_s,12,34.0,1,22
levi_s,15,34.0,1,25
levi_s,18,29.0,1,20
levi_s,70,34.0,1,50
levi_s,35,34.0,1,44
levi_s,8,32.0,1,40
levi_s,30,,1,30
levi_s,20,,1,34
levi_s,25,,1,28
levi_s,20,,1,29
levi_s,20,,1,41
levi_s,45,,1,31
levi_s,17,34.0,1,27
levi_s,18,,2,29
levi_s,30,,2,29
levi_s,25,,2,29
levi_s,30,,2,16
levi_s,42,,2,24
levi_s,38,34.0,2,47
levi_s,25,,2,47
levi_s,25,31.0,2,42
levi_s,30,,2,37
levi_s,30,,2,36
levi_s,150,30.0,2,29
levi_s,30,,2,42
levi_s,20,,2,32
levi_s,45,,2,27
levi_s,24,,2,38
levi_s,30,28.0,2,28
levi_s,30,,2,24
levi_s,40,,2,25
levi_s,38,34.0,2,50
levi_s,30,40.0,2,27
levi_s,50,33.0,2,22
levi_s,40,,2,28
levi_s,38,34.0,2,50
levi_s,29,30.0,2,47
levi_s,29,29.0,2,50
levi_s,29,30.0,2,49
levi_s,50,,2,50
levi_s,26,32.0,2,48
levi_s,35,29.0,2,40
levi_s,29,30.0,2,44
levi_s,25,29.0,2,24
levi_s,29,30.0,2,48
levi_s,29,30.0,2,48
levi_s,15,30.0,2,50
levi_s,29,40.0,2,39
levi_s,29,30.0,2,47
levi_s,27,33.0,2,20
levi_s,15,34.0,2,16
levi_s,22,29.0,2,36
levi_s,14,36.0,2,20
levi_s,18,31.0,2,48
levi_s,40,29.0,2,12
levi_s,40,28.0,2,12
levi_s,36,38.0,2,49
levi_s,35,31.0,2,37
levi_s,35,29.0,2,27
levi_s,35,32.0,2,16
levi_s,35,31.0,2,34
levi_s,20,42.0,2,18
levi_s,35,31.0,2,34
levi_s,18,29.0,2,36
levi_s,20,,2,14
levi_s,35,42.0,2,20
levi_s,14,32.0,2,44
levi_s,20,32.0,2,39
levi_s,16,,2,42
levi_s,16,,2,34
levi_s,18,31.0,2,42
levi_s,40,,2,37
levi_s,24,,2,47
levi_s,20,33.0,2,16
levi_s,25,33.0,2,39
levi_s,45,29.0,2,25
levi_s,45,30.0,2,16
levi_s,22,31.0,2,42
levi_s,60,32.0,2,49
levi_s,29,40.0,2,39
levi_s,30,36.0,2,16
levi_s,22,32.0,2,39
levi_s,10,,2,24
levi_s,22,30.0,2,33
levi_s,40,34.0,2,23
levi_s,45,52.0,2,41
levi_s,17,33.0,2,47
levi_s,40,32.0,2,16
levi_s,20,34.0,2,39
levi_s,50,32.0,2,17
levi_s,20,33.0,2,23
levi_s,50,32.0,2,15
levi_s,36,38.0,2,11
levi_s,49,32.0,2,42
levi_s,65,32.0,2,41
levi_s,30,36.0,2,29
levi_s,28,32.0,2,38
levi_s,25,30.0,2,28
levi_s,55,30.0,2,41
levi_s,45,30.0,2,41
levi_s,45,30.0,2,41
levi_s,30,36.0,96,15
levi_s,45,30.0,2,41
levi_s,15,29.0,2,49
levi_s,25,32.0,2,50
levi_s,28,32.0,2,48
levi_s,59,32.0,2,45
levi_s,25,31.0,2,47
levi_s,16,,2,23
levi_s,29,27.0,2,39
levi_s,49,33.0,2,31
levi_s,39,30.0,2,50
levi_s,39,30.0,2,50
levi_s,39,30.0,2,50
levi_s,15,34.0,2,10
levi_s,39,30.0,2,50
levi_s,39,30.0,2,50
levi_s,39,30.0,2,50
levi_s,17,32.0,2,21
levi_s,39,30.0,2,50
levi_s,20,31.0,2,25
levi_s,20,33.0,2,19
levi_s,20,30.0,2,45
levi_s,39,32.0,2,33
levi_s,12,36.0,2,12
levi_s,40,33.0,2,48
levi_s,20,32.0,2,30
levi_s,30,,2,12
levi_s,15,32.0,2,34
levi_s,25,32.0,2,50
levi_s,25,32.0,2,48
levi_s,15,30.0,2,18
levi_s,30,30.0,2,49
levi_s,15,36.0,2,16
levi_s,25,32.0,2,37
levi_s,20,32.0,2,44
levi_s,15,,2,18
levi_s,20,30.0,2,29
levi_s,48,28.0,2,32
levi_s,32,30.0,2,24
levi_s,28,39.0,2,25
levi_s,18,36.0,2,18
levi_s,40,,2,31
levi_s,15,,2,21
levi_s,12,35.0,2,42
levi_s,35,38.0,2,49
levi_s,30,34.0,2,16
levi_s,28,42.0,2,48
levi_s,50,38.0,2,12
levi_s,50,38.0,2,12
levi_s,39,31.0,2,22
levi_s,25,30.0,2,28
levi_s,30,36.0,2,50
levi_s,19,32.0,2,18
levi_s,36,32.0,2,48
levi_s,20,34.0,2,49
levi_s,28,34.0,2,28
levi_s,19,30.0,2,25
levi_s,30,,2,37
levi_s,50,29.0,2,18
levi_s,30,40.0,2,31
levi_s,50,34.0,2,39
levi_s,25,34.0,2,49
levi_s,22,38.0,2,49
levi_s,125,29.0,2,47
levi_s,30,30.0,2,41
levi_s,59,34.0,2,46
levi_s,25,40.0,2,6
levi_s,15,38.0,37,32
levi_s,18,40.0,2,34
levi_s,25,34.0,2,25
levi_s,59,32.0,2,45
levi_s,8,32.0,2,12
levi_s,45,34.0,2,43
levi_s,50,34.0,2,39
levi_s,25,34.0,2,25
levi_s,26,38.0,2,23
levi_s,25,34.0,2,48
levi_s,23,33.0,3,22
levi_s,50,34.0,2,40
levi_s,15,38.0,2,16
levi_s,25,42.0,2,41
levi_s,20,,2,12
levi_s,20,34.0,2,24
levi_s,32,32.0,3,32
levi_s,25,34.0,2,21
levi_s,20,,2,18
levi_s,28,38.0,2,13
levi_s,45,34.0,2,44
levi_s,20,34.0,2,10
levi_s,20,34.0,2,18
levi_s,20,38.0,2,27
levi_s,25,38.0,2,50
levi_s,10,34.0,2,16
levi_s,25,33.0,2,6
levi_s,30,33.0,2,45
levi_s,25,33.0,2,6
levi_s,30,34.0,2,33
levi_s,30,31.0,536,32
levi_s,75,30.0,2,42
levi_s,30,36.0,2,49
levi_s,38,31.0,2,23
levi_s,35,,2,25
levi_s,33,33.0,2,24
levi_s,16,33.0,2,10
levi_s,22,33.0,2,45
levi_s,16,33.0,2,10
levi_s,35,36.0,2,50
levi_s,40,36.0,2,10
levi_s,25,31.0,2,40
levi_s,15,,2,34
levi_s,29,31.0,2,22
levi_s,10,38.0,2,10
levi_s,39,28.0,2,30
levi_s,15,36.0,2,12
levi_s,15,33.0,2,16
levi_s,40,34.0,2,37
levi_s,18,40.0,2,24
levi_s,15,36.0,2,12
levi_s,15,32.0,2,16
levi_s,35,30.0,2,35
levi_s,35,30.0,2,35
levi_s,40,38.0,2,21
levi_s,30,36.0,2,10
levi_s,65,31.0,2,10
levi_s,30,38.0,2,28
levi_s,39,42.0,2,29
levi_s,60,34.0,2,48
levi_s,35,30.0,4,46
levi_s,30,32.0,5,46
levi_s,45,,2,30
levi_s,13,,2,13
levi_s,60,34.0,2,50
levi_s,39,31.0,2,29
levi_s,40,28.0,2,47
levi_s,30,,2,48
levi_s,25,34.0,2,33
levi_s,30,,2,37
levi_s,80,36.0,2,47
levi_s,10,34.0,2,29
levi_s,44,29.0,2,18
levi_s,10,34.0,2,29
levi_s,10,36.0,2,41
levi_s,45,31.0,2,45
levi_s,48,29.0,2,18
levi_s,44,29.0,2,18
levi_s,12,,2,23
levi_s,47,31.0,2,18
levi_s,20,,2,17
levi_s,20,32.0,5,40
levi_s,49,31.0,2,18
levi_s,10,34.0,2,12
levi_s,30,42.0,2,29
levi_s,42,29.0,2,28
levi_s,44,29.0,2,18
levi_s,44,30.0,2,18
levi_s,25,33.0,2,24
levi_s,55,30.0,2,18
levi_s,35,32.0,2,35
levi_s,30,46.0,2,36
levi_s,40,36.0,2,44
levi_s,35,32.0,2,35
levi_s,45,36.0,2,28
levi_s,59,30.0,2,18
levi_s,25,31.0,2,33
levi_s,10,30.0,2,25
levi_s,46,29.0,3,18
levi_s,32,33.0,2,46
levi_s,50,36.0,2,27
levi_s,80,36.0,2,50
levi_s,30,,2,49
levi_s,38,36.0,2,46
levi_s,25,36.0,2,10
levi_s,22,31.0,2,41
levi_s,15,35.0,2,12
levi_s,32,38.0,2,46
levi_s,50,32.0,2,45
levi_s,50,32.0,2,34
levi_s,50,34.0,2,20
levi_s,100,32.0,2,32
levi_s,85,40.0,2,40
levi_s,50,,2,23
levi_s,39,,2,23
levi_s,24,29.0,2,50
levi_s,28,33.0,2,10
levi_s,14,,2,27
levi_s,25,34.0,2,12
levi_s,20,36.0,2,31
levi_s,28,30.0,2,40
levi_s,25,34.0,2,12
levi_s,25,34.0,2,12
levi_s,25,34.0,2,12
levi_s,30,28.0,2,12
levi_s,15,38.0,2,11
levi_s,35,31.0,2,11
levi_s,25,32.0,2,43
levi_s,10,36.0,3,40
levi_s,29,31.0,2,49
levi_s,20,30.0,2,29
levi_s,29,36.0,2,49
levi_s,29,36.0,2,45
levi_s,29,32.0,2,50
levi_s,25,38.0,2,38
levi_s,50,,2,48
levi_s,40,30.0,2,39
levi_s,25,36.0,2,33
levi_s,10,30.0,2,28
levi_s,15,28.0,2,10
levi_s,22,36.0,2,46
levi_s,20,33.0,2,32
levi_s,45,,2,46
levi_s,44,32.0,2,32
levi_s,17,30.0,2,47
levi_s,10,32.0,2,22
levi_s,35,32.0,2,40
levi_s,65,32.0,2,39
levi_s,27,38.0,2,45
levi_s,85,,2,50
levi_s,23,33.0,2,35
levi_s,25,40.0,91,37
levi_s,25,34.0,2,38
levi_s,25,44.0,2,20
levi_s,29,38.0,2,42
levi_s,13,31.0,2,24
levi_s,25,33.0,2,30
levi_s,15,34.0,2,18
levi_s,26,34.0,2,37
levi_s,15,33.0,2,18
levi_s,40,,2,23
levi_s,50,40.0,3,22
levi_s,50,40.0,3,22
levi_s,12,33.0,2,41
levi_s,50,29.0,2,43
levi_s,50,34.0,2,43
levi_s,30,,2,34
levi_s,15,34.0,100,18
levi_s,29,32.0,3,16
levi_s,25,33.0,3,21
levi_s,8,32.0,3,10
levi_s,40,,3,36
levi_s,22,34.0,3,44
levi_s,40,,3,39
levi_s,35,,3,38
levi_s,35,33.0,3,27
levi_s,35,,3,38
levi_s,22,31.0,3,47
levi_s,25,,3,48
levi_s,70,36.0,116,48
levi_s,80,36.0,3,50
levi_s,25,34.0,3,28
levi_s,20,26.0,3,47
levi_s,28,34.0,3,26
levi_s,80,36.0,3,49
levi_s,20,,3,16
levi_s,15,,3,14
levi_s,26,30.0,3,47
levi_s,20,36.0,3,14
levi_s,25,44.0,3,41
levi_s,40,36.0,3,42
levi_s,35,34.0,3,18
levi_s,22,38.0,3,42
levi_s,14,34.0,3,15
levi_s,80,34.0,3,49
levi_s,49,,3,23
levi_s,30,36.0,3,28
levi_s,60,32.0,3,14
levi_s,60,34.0,3,45
levi_s,40,,3,42
levi_s,80,34.0,3,50
levi_s,50,30.0,3,18
levi_s,23,34.0,3,12
